student_id,avg_percentage,best_score,worst_score,first_score,latest_score,tests_attempted,performance_band,improvement
RN0001,60.91,90.48,33.33,76.19,61.9,48,Average,-14.29
RN0002,75.4,95.24,57.14,71.43,71.43,48,High Performer,0.0
RN0003,58.93,80.95,38.1,52.38,38.1,48,Average,-14.29
RN0004,37.8,71.43,14.29,66.67,38.1,49,Needs Support,-28.57
RN0005,89.46,100.0,66.67,100.0,95.24,47,Top Performer,-4.76
RN0006,50.24,76.19,28.57,33.33,47.62,49,Average,14.29
RN0007,51.29,71.43,19.05,61.9,57.14,48,Average,-4.76
RN0008,52.68,80.95,28.57,80.95,61.9,48,Average,-19.05
RN0009,43.55,76.19,19.05,61.9,47.62,48,Needs Support,-14.29
RN0010,81.51,95.24,52.38,90.48,85.71,43,High Performer,-4.76
RN0011,90.27,100.0,66.67,100.0,100.0,46,Top Performer,0.0
RN0012,31.39,52.38,9.52,23.81,38.1,49,At Risk,14.29
RN0013,77.71,95.24,57.14,66.67,95.24,50,High Performer,28.57
RN0014,60.89,80.95,38.1,76.19,66.67,47,Average,-9.52
RN0015,36.31,57.14,14.29,28.57,28.57,48,Needs Support,0.0
RN0016,60.57,85.71,38.1,76.19,47.62,50,Average,-28.57
RN0017,55.42,85.71,38.1,61.9,61.9,47,Average,0.0
RN0018,79.71,100.0,47.62,100.0,85.71,50,High Performer,-14.29
RN0019,71.82,95.24,42.86,85.71,66.67,49,High Performer,-19.05
RN0020,55.05,85.71,28.57,61.9,42.86,50,Average,-19.05
RN0021,37.4,61.9,19.05,47.62,42.86,48,Needs Support,-4.76
RN0022,91.3,100.0,71.43,100.0,100.0,46,Top Performer,0.0
RN0023,78.27,95.24,47.62,90.48,76.19,48,High Performer,-14.29
RN0024,24.22,57.14,0.0,38.1,19.05,46,At Risk,-19.05
RN0025,24.42,47.62,4.76,38.1,42.86,47,At Risk,4.76
RN0026,51.51,71.43,14.29,61.9,52.38,49,Average,-9.52
RN0027,48.45,80.95,23.81,61.9,57.14,46,Needs Support,-4.76
RN0028,58.66,85.71,23.81,80.95,61.9,47,Average,-19.05
RN0029,32.22,57.14,9.52,52.38,23.81,47,At Risk,-28.57
RN0030,51.69,71.43,28.57,61.9,38.1,48,Average,-23.81
RN0031,51.41,76.19,28.57,61.9,47.62,49,Average,-14.29
RN0032,48.21,71.43,14.29,61.9,47.62,48,Needs Support,-14.29
RN0033,69.25,90.48,42.86,76.19,76.19,48,Average,0.0
RN0034,56.43,76.19,23.81,76.19,47.62,47,Average,-28.57
RN0035,65.01,85.71,38.1,47.62,76.19,46,Average,28.57
RN0036,40.91,57.14,19.05,33.33,42.86,49,Needs Support,9.52
RN0037,71.83,90.48,42.86,80.95,76.19,47,High Performer,-4.76
RN0038,60.22,85.71,33.33,71.43,66.67,48,Average,-4.76
RN0039,36.54,66.67,19.05,42.86,38.1,49,Needs Support,-4.76
RN0040,74.15,95.24,52.38,85.71,80.95,49,High Performer,-4.76
RN0041,76.39,95.24,52.38,76.19,76.19,47,High Performer,0.0
RN0042,42.06,61.9,23.81,52.38,52.38,48,Needs Support,0.0
RN0043,86.22,100.0,66.67,95.24,95.24,47,Top Performer,0.0
RN0044,35.67,66.67,4.76,19.05,4.76,49,Needs Support,-14.29
RN0045,71.53,95.24,47.62,71.43,76.19,47,High Performer,4.76
RN0046,70.85,90.48,42.86,71.43,66.67,49,High Performer,-4.76
RN0047,65.4,90.48,38.1,80.95,76.19,49,Average,-4.76
RN0048,73.05,95.24,33.33,80.95,61.9,50,High Performer,-19.05
RN0049,54.66,80.95,33.33,52.38,47.62,46,Average,-4.76
RN0050,55.03,85.71,28.57,61.9,66.67,45,Average,4.76
RN0051,26.34,42.86,4.76,33.33,28.57,49,At Risk,-4.76
RN0052,65.4,95.24,42.86,61.9,71.43,49,Average,9.52
RN0053,60.91,85.71,38.1,71.43,52.38,48,Average,-19.05
RN0054,57.73,80.95,38.1,61.9,66.67,49,Average,4.76
RN0055,84.16,100.0,61.9,71.43,90.48,46,High Performer,19.05
RN0056,36.61,66.67,4.76,42.86,28.57,45,Needs Support,-14.29
RN0057,20.06,52.38,4.76,23.81,28.57,47,At Risk,4.76
RN0058,86.19,100.0,57.14,90.48,85.71,50,Top Performer,-4.76
RN0059,41.03,76.19,19.05,42.86,52.38,47,Needs Support,9.52
RN0060,77.61,95.24,47.62,80.95,90.48,47,High Performer,9.52
RN0061,79.46,95.24,57.14,85.71,85.71,48,High Performer,0.0
RN0062,36.98,61.9,9.52,33.33,42.86,47,Needs Support,9.52
RN0063,49.43,80.95,33.33,38.1,76.19,50,Needs Support,38.1
RN0064,52.57,80.95,23.81,66.67,66.67,50,Average,0.0
RN0065,88.86,100.0,66.67,95.24,85.71,50,Top Performer,-9.52
RN0066,63.95,85.71,38.1,57.14,76.19,49,Average,19.05
RN0067,54.32,76.19,23.81,57.14,38.1,49,Average,-19.05
RN0068,56.66,85.71,28.57,57.14,71.43,49,Average,14.29
RN0069,54.6,85.71,33.33,61.9,85.71,45,Average,23.81
RN0070,91.45,100.0,71.43,90.48,95.24,49,Top Performer,4.76
RN0071,64.87,85.71,38.1,76.19,66.67,45,Average,-9.52
RN0072,73.08,95.24,47.62,90.48,66.67,49,High Performer,-23.81
RN0073,35.42,61.9,9.52,47.62,23.81,48,Needs Support,-23.81
RN0074,73.08,95.24,47.62,85.71,76.19,49,High Performer,-9.52
RN0075,74.37,95.24,47.62,76.19,71.43,47,High Performer,-4.76
RN0076,56.46,80.95,33.33,42.86,33.33,49,Average,-9.52
RN0077,73.35,90.48,47.62,90.48,80.95,47,High Performer,-9.52
RN0078,34.76,57.14,9.52,42.86,23.81,50,At Risk,-19.05
RN0079,51.06,76.19,28.57,47.62,47.62,47,Average,0.0
RN0080,62.6,80.95,33.33,76.19,61.9,48,Average,-14.29
RN0081,70.42,90.48,47.62,71.43,66.67,47,High Performer,-4.76
RN0082,61.31,90.48,33.33,61.9,52.38,48,Average,-9.52
RN0083,59.09,80.95,28.57,71.43,71.43,49,Average,0.0
RN0084,47.82,66.67,23.81,47.62,66.67,48,Needs Support,19.05
RN0085,50.79,71.43,28.57,52.38,38.1,48,Average,-14.29
RN0086,55.69,85.71,33.33,61.9,66.67,49,Average,4.76
RN0087,84.33,100.0,47.62,85.71,85.71,48,High Performer,0.0
RN0088,55.71,76.19,23.81,71.43,47.62,50,Average,-23.81
RN0089,66.46,85.71,47.62,61.9,71.43,47,Average,9.52
RN0090,60.52,80.95,28.57,76.19,38.1,48,Average,-38.1
RN0091,54.19,76.19,28.57,47.62,47.62,50,Average,0.0
RN0092,72.44,90.48,52.38,52.38,76.19,47,High Performer,23.81
RN0093,21.9,42.86,4.76,14.29,23.81,50,At Risk,9.52
RN0094,64.34,90.48,33.33,57.14,71.43,47,Average,14.29
RN0095,39.58,66.67,9.52,52.38,38.1,48,Needs Support,-14.29
RN0096,67.58,95.24,38.1,71.43,57.14,47,Average,-14.29
RN0097,36.76,66.67,9.52,47.62,47.62,50,Needs Support,0.0
RN0098,75.41,100.0,38.1,85.71,76.19,49,High Performer,-9.52
RN0099,48.41,66.67,23.81,47.62,57.14,48,Needs Support,9.52
RN0100,41.44,66.67,14.29,42.86,23.81,47,Needs Support,-19.05
RN0101,59.96,76.19,33.33,76.19,52.38,49,Average,-23.81
RN0102,71.62,95.24,52.38,76.19,57.14,49,High Performer,-19.05
RN0103,92.5,100.0,76.19,100.0,90.48,47,Top Performer,-9.52
RN0104,82.51,100.0,57.14,95.24,71.43,49,High Performer,-23.81
RN0105,49.14,80.95,19.05,57.14,38.1,47,Needs Support,-19.05
RN0106,60.46,85.71,38.1,66.67,47.62,46,Average,-19.05
RN0107,63.98,85.71,28.57,71.43,61.9,46,Average,-9.52
RN0108,73.4,95.24,52.38,80.95,80.95,46,High Performer,0.0
RN0109,80.23,100.0,52.38,100.0,76.19,46,High Performer,-23.81
RN0110,67.46,90.48,47.62,66.67,76.19,48,Average,9.52
RN0111,79.62,100.0,57.14,90.48,90.48,50,High Performer,0.0
RN0112,72.38,90.48,52.38,90.48,85.71,45,High Performer,-4.76
RN0113,75.43,95.24,52.38,85.71,85.71,50,High Performer,0.0
RN0114,40.58,57.14,19.05,47.62,57.14,48,Needs Support,9.52
RN0115,31.26,52.38,4.76,42.86,4.76,46,At Risk,-38.1
RN0116,82.3,95.24,57.14,90.48,80.95,46,High Performer,-9.52
RN0117,60.69,80.95,33.33,66.67,76.19,47,Average,9.52
RN0118,69.29,85.71,42.86,76.19,76.19,49,Average,0.0
RN0119,60.87,80.95,38.1,61.9,76.19,46,Average,14.29
RN0120,77.26,95.24,52.38,90.48,85.71,49,High Performer,-4.76
RN0121,90.77,100.0,61.9,95.24,95.24,48,Top Performer,0.0
RN0122,51.8,76.19,23.81,71.43,57.14,49,Average,-14.29
RN0123,49.85,76.19,28.57,61.9,33.33,47,Needs Support,-28.57
RN0124,88.39,100.0,61.9,90.48,90.48,48,Top Performer,0.0
RN0125,61.32,85.71,38.1,61.9,52.38,49,Average,-9.52
RN0126,41.34,66.67,23.81,38.1,42.86,47,Needs Support,4.76
RN0127,52.19,76.19,23.81,57.14,57.14,49,Average,0.0
RN0128,27.56,52.38,4.76,23.81,33.33,47,At Risk,9.52
RN0129,69.94,90.48,42.86,57.14,76.19,48,Average,19.05
RN0130,25.73,52.38,4.76,14.29,19.05,47,At Risk,4.76
RN0131,60.28,90.48,28.57,71.43,52.38,47,Average,-19.05
RN0132,67.71,90.48,52.38,85.71,80.95,50,Average,-4.76
RN0133,81.43,100.0,52.38,85.71,95.24,50,High Performer,9.52
RN0134,20.76,42.86,0.0,28.57,19.05,50,At Risk,-9.52
RN0135,60.69,85.71,33.33,71.43,66.67,47,Average,-4.76
RN0136,29.4,57.14,9.52,19.05,14.29,46,At Risk,-4.76
RN0137,61.2,85.71,33.33,61.9,71.43,47,Average,9.52
RN0138,87.05,100.0,57.14,90.48,95.24,50,Top Performer,4.76
RN0139,77.84,100.0,57.14,76.19,90.48,49,High Performer,14.29
RN0140,53.43,76.19,28.57,66.67,66.67,50,Average,0.0
RN0141,80.66,100.0,47.62,90.48,95.24,49,High Performer,4.76
RN0142,90.1,100.0,66.67,90.48,90.48,50,Top Performer,0.0
RN0143,36.86,61.9,14.29,38.1,23.81,50,Needs Support,-14.29
RN0144,38.0,52.38,19.05,42.86,28.57,48,Needs Support,-14.29
RN0145,62.1,90.48,38.1,71.43,66.67,49,Average,-4.76
RN0146,60.12,76.19,38.1,61.9,57.14,48,Average,-4.76
RN0147,83.33,100.0,57.14,95.24,90.48,48,High Performer,-4.76
RN0148,74.47,95.24,42.86,95.24,71.43,47,High Performer,-23.81
RN0149,85.62,100.0,57.14,100.0,80.95,49,Top Performer,-19.05
RN0150,36.9,57.14,14.29,23.81,28.57,48,Needs Support,4.76
RN0151,62.3,85.71,19.05,71.43,57.14,48,Average,-14.29
RN0152,30.85,66.67,9.52,14.29,19.05,48,At Risk,4.76
RN0153,72.72,100.0,33.33,80.95,80.95,48,High Performer,0.0
RN0154,85.81,100.0,61.9,85.71,100.0,49,Top Performer,14.29
RN0155,40.97,61.9,19.05,61.9,47.62,48,Needs Support,-14.29
RN0156,54.0,85.71,28.57,61.9,66.67,50,Average,4.76
RN0157,58.21,80.95,28.57,76.19,71.43,49,Average,-4.76
RN0158,58.21,80.95,28.57,66.67,61.9,49,Average,-4.76
RN0159,37.12,66.67,19.05,52.38,47.62,49,Needs Support,-4.76
RN0160,40.82,61.9,19.05,52.38,38.1,49,Needs Support,-14.29
RN0161,38.99,61.9,19.05,57.14,42.86,48,Needs Support,-14.29
RN0162,35.06,61.9,14.29,23.81,38.1,47,Needs Support,14.29
RN0163,89.86,100.0,71.43,90.48,90.48,46,Top Performer,0.0
RN0164,28.37,47.62,9.52,33.33,19.05,48,At Risk,-14.29
RN0165,39.71,66.67,14.29,47.62,52.38,50,Needs Support,4.76
RN0166,30.12,52.38,14.29,23.81,28.57,46,At Risk,4.76
RN0167,26.04,47.62,9.52,42.86,19.05,49,At Risk,-23.81
RN0168,48.79,80.95,28.57,57.14,52.38,49,Needs Support,-4.76
RN0169,78.62,100.0,47.62,76.19,95.24,47,High Performer,19.05
RN0170,71.64,90.48,52.38,71.43,80.95,46,High Performer,9.52
RN0171,26.43,52.38,4.76,23.81,9.52,49,At Risk,-14.29
RN0172,66.1,85.71,42.86,80.95,57.14,50,Average,-23.81
RN0173,43.35,76.19,23.81,38.1,42.86,48,Needs Support,4.76
RN0174,68.51,95.24,42.86,71.43,85.71,49,Average,14.29
RN0175,44.61,71.43,23.81,33.33,47.62,49,Needs Support,14.29
RN0176,26.82,52.38,4.76,23.81,23.81,49,At Risk,0.0
RN0177,26.79,47.62,9.52,38.1,9.52,48,At Risk,-28.57
RN0178,60.45,90.48,38.1,61.9,47.62,49,Average,-14.29
RN0179,76.49,95.24,47.62,85.71,85.71,48,High Performer,0.0
RN0180,26.72,52.38,9.52,14.29,33.33,49,At Risk,19.05
RN0181,79.17,95.24,52.38,95.24,80.95,48,High Performer,-14.29
RN0182,91.25,100.0,71.43,95.24,100.0,49,Top Performer,4.76
RN0183,61.8,85.71,28.57,61.9,71.43,47,Average,9.52
RN0184,79.79,100.0,57.14,90.48,85.71,49,High Performer,-4.76
RN0185,90.95,100.0,66.67,95.24,95.24,50,Top Performer,0.0
RN0186,42.0,66.67,23.81,23.81,38.1,50,Needs Support,14.29
RN0187,73.41,90.48,47.62,66.67,90.48,48,High Performer,23.81
RN0188,33.53,52.38,9.52,19.05,33.33,49,At Risk,14.29
RN0189,77.26,100.0,47.62,95.24,85.71,49,High Performer,-9.52
RN0190,73.57,95.24,52.38,66.67,85.71,49,High Performer,19.05
RN0191,54.52,90.48,23.81,90.48,47.62,49,Average,-42.86
RN0192,32.1,57.14,9.52,42.86,33.33,50,At Risk,-9.52
RN0193,42.66,71.43,14.29,57.14,33.33,49,Needs Support,-23.81
RN0194,57.34,80.95,28.57,61.9,61.9,49,Average,0.0
RN0195,49.47,71.43,19.05,61.9,42.86,49,Needs Support,-19.05
RN0196,65.01,85.71,28.57,71.43,66.67,46,Average,-4.76
RN0197,13.27,47.62,0.0,0.0,4.76,47,At Risk,4.76
RN0198,72.01,90.48,47.62,76.19,71.43,49,High Performer,-4.76
RN0199,55.1,80.95,33.33,57.14,52.38,49,Average,-4.76
RN0200,33.72,57.14,14.29,33.33,33.33,49,At Risk,0.0
RN0201,75.6,95.24,42.86,95.24,61.9,48,High Performer,-33.33
RN0202,47.32,71.43,23.81,52.38,52.38,48,Needs Support,0.0
RN0203,26.55,52.38,14.29,14.29,23.81,47,At Risk,9.52
RN0204,38.29,57.14,19.05,42.86,47.62,50,Needs Support,4.76
RN0205,40.17,66.67,14.29,33.33,38.1,46,Needs Support,4.76
RN0206,53.77,71.43,38.1,57.14,57.14,48,Average,0.0
RN0207,53.87,85.71,33.33,61.9,38.1,48,Average,-23.81
RN0208,72.92,90.48,52.38,85.71,80.95,48,High Performer,-4.76
RN0209,70.42,95.24,52.38,76.19,66.67,47,High Performer,-9.52
RN0210,75.9,100.0,47.62,76.19,90.48,49,High Performer,14.29
RN0211,43.71,71.43,19.05,42.86,42.86,50,Needs Support,0.0
RN0212,53.5,76.19,33.33,47.62,61.9,47,Average,14.29
RN0213,25.99,47.62,4.76,23.81,19.05,48,At Risk,-4.76
RN0214,75.61,95.24,47.62,76.19,76.19,49,High Performer,0.0
RN0215,76.98,95.24,52.38,90.48,85.71,48,High Performer,-4.76
RN0216,58.19,80.95,33.33,61.9,66.67,50,Average,4.76
RN0217,74.11,95.24,52.38,57.14,90.48,48,High Performer,33.33
RN0218,57.14,80.95,23.81,57.14,61.9,49,Average,4.76
RN0219,77.65,100.0,52.38,80.95,85.71,49,High Performer,4.76
RN0220,41.52,71.43,23.81,33.33,23.81,50,Needs Support,-9.52
RN0221,75.8,100.0,52.38,85.71,80.95,49,High Performer,-4.76
RN0222,34.45,57.14,14.29,33.33,33.33,47,At Risk,0.0
RN0223,55.49,76.19,38.1,52.38,66.67,49,Average,14.29
RN0224,50.3,85.71,28.57,42.86,52.38,48,Average,9.52
RN0225,56.67,76.19,33.33,71.43,47.62,50,Average,-23.81
RN0226,29.74,52.38,4.76,42.86,23.81,49,At Risk,-19.05
RN0227,49.33,71.43,23.81,52.38,28.57,50,Needs Support,-23.81
RN0228,84.92,100.0,61.9,100.0,90.48,48,High Performer,-9.52
RN0229,75.7,95.24,47.62,80.95,66.67,49,High Performer,-14.29
RN0230,79.53,100.0,57.14,85.71,66.67,47,High Performer,-19.05
RN0231,75.32,95.24,47.62,80.95,61.9,49,High Performer,-19.05
RN0232,54.76,85.71,28.57,61.9,66.67,50,Average,4.76
RN0233,90.97,100.0,71.43,100.0,100.0,48,Top Performer,0.0
RN0234,49.7,80.95,23.81,38.1,42.86,48,Needs Support,4.76
RN0235,47.12,76.19,28.57,33.33,42.86,48,Needs Support,9.52
RN0236,64.98,90.48,28.57,90.48,71.43,48,Average,-19.05
RN0237,77.57,95.24,52.38,95.24,80.95,45,High Performer,-14.29
RN0238,48.79,71.43,33.33,42.86,57.14,49,Needs Support,14.29
RN0239,55.59,76.19,38.1,52.38,52.38,46,Average,0.0
RN0240,50.21,80.95,23.81,28.57,42.86,46,Average,14.29
RN0241,27.25,57.14,9.52,28.57,28.57,47,At Risk,0.0
RN0242,33.33,61.9,14.29,28.57,14.29,49,At Risk,-14.29
RN0243,55.24,80.95,28.57,80.95,66.67,45,Average,-14.29
RN0244,90.67,100.0,76.19,95.24,95.24,49,Top Performer,0.0
RN0245,90.69,100.0,66.67,100.0,95.24,44,Top Performer,-4.76
RN0246,79.84,100.0,57.14,90.48,85.71,47,High Performer,-4.76
RN0247,60.99,90.48,42.86,80.95,61.9,47,Average,-19.05
RN0248,26.57,57.14,9.52,19.05,42.86,50,At Risk,23.81
RN0249,54.93,85.71,28.57,76.19,71.43,43,Average,-4.76
RN0250,81.75,100.0,57.14,95.24,80.95,48,High Performer,-14.29
RN0251,90.58,100.0,66.67,95.24,90.48,47,Top Performer,-4.76
RN0252,71.43,95.24,42.86,76.19,85.71,49,High Performer,9.52
RN0253,91.16,100.0,71.43,95.24,95.24,49,Top Performer,0.0
RN0254,36.29,66.67,4.76,38.1,28.57,50,Needs Support,-9.52
RN0255,78.1,100.0,57.14,95.24,80.95,50,High Performer,-14.29
RN0256,71.91,90.48,47.62,66.67,66.67,49,High Performer,0.0
RN0257,85.52,100.0,61.9,85.71,90.48,49,Top Performer,4.76
RN0258,63.07,95.24,38.1,71.43,80.95,49,Average,9.52
RN0259,63.79,90.48,38.1,80.95,76.19,48,Average,-4.76
RN0260,34.65,61.9,9.52,28.57,28.57,47,At Risk,0.0
RN0261,32.17,47.62,9.52,33.33,14.29,45,At Risk,-19.05
RN0262,60.87,80.95,42.86,66.67,57.14,46,Average,-9.52
RN0263,49.31,71.43,33.33,38.1,38.1,48,Needs Support,0.0
RN0264,60.64,95.24,33.33,66.67,76.19,49,Average,9.52
RN0265,29.38,52.38,4.76,14.29,28.57,47,At Risk,14.29
RN0266,91.64,100.0,66.67,95.24,100.0,49,Top Performer,4.76
RN0267,77.07,100.0,57.14,95.24,85.71,49,High Performer,-9.52
RN0268,68.85,85.71,47.62,76.19,76.19,48,Average,0.0
RN0269,65.5,95.24,42.86,66.67,66.67,49,Average,0.0
RN0270,62.51,95.24,38.1,61.9,85.71,47,Average,23.81
RN0271,72.0,95.24,47.62,85.71,80.95,50,High Performer,-4.76
RN0272,39.16,52.38,19.05,33.33,28.57,49,Needs Support,-4.76
RN0273,62.78,90.48,42.86,76.19,47.62,49,Average,-28.57
RN0274,77.71,100.0,42.86,71.43,85.71,47,High Performer,14.29
RN0275,34.14,61.9,14.29,47.62,19.05,47,At Risk,-28.57
RN0276,52.18,71.43,33.33,66.67,47.62,47,Average,-19.05
RN0277,91.61,100.0,71.43,100.0,100.0,46,Top Performer,0.0
RN0278,92.06,100.0,71.43,90.48,100.0,48,Top Performer,9.52
RN0279,57.92,80.95,28.57,66.67,66.67,49,Average,0.0
RN0280,32.09,61.9,9.52,19.05,28.57,46,At Risk,9.52
RN0281,56.85,85.71,33.33,52.38,42.86,48,Average,-9.52
RN0282,42.86,66.67,14.29,52.38,57.14,44,Needs Support,4.76
RN0283,80.27,95.24,61.9,80.95,71.43,49,High Performer,-9.52
RN0284,72.89,95.24,47.62,90.48,85.71,49,High Performer,-4.76
RN0285,75.08,90.48,47.62,85.71,71.43,47,High Performer,-14.29
RN0286,27.9,47.62,9.52,28.57,47.62,50,At Risk,19.05
RN0287,27.33,52.38,4.76,28.57,33.33,46,At Risk,4.76
RN0288,56.74,80.95,23.81,76.19,66.67,47,Average,-9.52
RN0289,76.98,95.24,42.86,95.24,80.95,48,High Performer,-14.29
RN0290,33.65,71.43,9.52,23.81,19.05,45,At Risk,-4.76
RN0291,34.69,52.38,19.05,33.33,28.57,49,At Risk,-4.76
RN0292,55.41,80.95,28.57,57.14,47.62,44,Average,-9.52
RN0293,75.05,95.24,47.62,85.71,80.95,50,High Performer,-4.76
RN0294,62.88,85.71,38.1,57.14,57.14,49,Average,0.0
RN0295,71.33,95.24,42.86,71.43,71.43,47,High Performer,0.0
RN0296,55.78,85.71,28.57,42.86,57.14,49,Average,14.29
RN0297,59.47,80.95,38.1,52.38,61.9,47,Average,9.52
RN0298,45.52,71.43,28.57,66.67,47.62,50,Needs Support,-19.05
RN0299,57.24,85.71,28.57,80.95,71.43,49,Average,-9.52
RN0300,59.92,85.71,23.81,71.43,57.14,48,Average,-14.29
RN0301,59.28,85.71,28.57,61.9,61.9,49,Average,0.0
RN0302,79.81,95.24,52.38,90.48,85.71,50,High Performer,-4.76
RN0303,51.67,71.43,28.57,42.86,71.43,47,Average,28.57
RN0304,36.25,57.14,14.29,33.33,42.86,49,Needs Support,9.52
RN0305,62.6,85.71,38.1,85.71,66.67,48,Average,-19.05
RN0306,75.69,95.24,57.14,76.19,76.19,48,High Performer,0.0
RN0307,85.82,100.0,66.67,90.48,95.24,47,Top Performer,4.76
RN0308,25.81,42.86,4.76,19.05,42.86,50,At Risk,23.81
RN0309,54.23,85.71,28.57,38.1,52.38,49,Average,14.29
RN0310,43.83,66.67,23.81,38.1,42.86,49,Needs Support,4.76
RN0311,73.41,95.24,52.38,57.14,76.19,48,High Performer,19.05
RN0312,88.67,100.0,66.67,95.24,100.0,50,Top Performer,4.76
RN0313,55.72,85.71,33.33,71.43,42.86,47,Average,-28.57
RN0314,77.75,100.0,42.86,71.43,76.19,49,High Performer,4.76
RN0315,46.76,76.19,23.81,52.38,38.1,50,Needs Support,-14.29
RN0316,91.27,100.0,71.43,95.24,100.0,48,Top Performer,4.76
RN0317,67.43,90.48,42.86,66.67,80.95,50,Average,14.29
RN0318,79.69,95.24,61.9,66.67,85.71,49,High Performer,19.05
RN0319,73.33,95.24,52.38,76.19,66.67,50,High Performer,-9.52
RN0320,57.84,85.71,28.57,61.9,47.62,48,Average,-14.29
RN0321,26.56,52.38,9.52,42.86,23.81,45,At Risk,-19.05
RN0322,56.83,80.95,23.81,66.67,57.14,46,Average,-9.52
RN0323,51.69,76.19,28.57,57.14,52.38,48,Average,-4.76
RN0324,61.28,85.71,38.1,52.38,61.9,46,Average,9.52
RN0325,74.53,95.24,47.62,90.48,76.19,46,High Performer,-14.29
RN0326,76.19,95.24,52.38,76.19,80.95,48,High Performer,4.76
RN0327,64.82,85.71,38.1,76.19,76.19,49,Average,0.0
RN0328,57.34,85.71,38.1,61.9,61.9,48,Average,0.0
RN0329,74.05,95.24,47.62,76.19,76.19,49,High Performer,0.0
RN0330,51.77,76.19,28.57,66.67,61.9,47,Average,-4.76
RN0331,58.43,85.71,33.33,85.71,57.14,48,Average,-28.57
RN0332,70.31,95.24,47.62,71.43,80.95,47,High Performer,9.52
RN0333,81.26,95.24,47.62,80.95,85.71,47,High Performer,4.76
RN0334,31.29,57.14,9.52,52.38,38.1,49,At Risk,-14.29
RN0335,39.07,61.9,14.29,42.86,57.14,49,Needs Support,14.29
RN0336,72.21,90.48,47.62,80.95,76.19,49,High Performer,-4.76
RN0337,59.67,76.19,28.57,66.67,66.67,49,Average,0.0
RN0338,78.57,95.24,38.1,90.48,95.24,48,High Performer,4.76
RN0339,43.93,71.43,23.81,71.43,42.86,49,Needs Support,-28.57
RN0340,41.84,71.43,19.05,71.43,33.33,47,Needs Support,-38.1
RN0341,66.96,95.24,38.1,76.19,71.43,48,Average,-4.76
RN0342,40.87,61.9,23.81,33.33,42.86,48,Needs Support,9.52
RN0343,24.1,47.62,4.76,14.29,19.05,49,At Risk,4.76
RN0344,23.81,61.9,4.76,14.29,14.29,45,At Risk,0.0
RN0345,57.04,76.19,19.05,71.43,57.14,48,Average,-14.29
RN0346,55.98,85.71,28.57,38.1,42.86,49,Average,4.76
RN0347,79.01,100.0,52.38,71.43,80.95,49,High Performer,9.52
RN0348,78.41,100.0,61.9,76.19,80.95,45,High Performer,4.76
RN0349,49.75,80.95,19.05,38.1,52.38,47,Needs Support,14.29
RN0350,86.41,100.0,61.9,100.0,95.24,48,Top Performer,-4.76
RN0351,56.95,71.43,38.1,61.9,47.62,49,Average,-14.29
RN0352,70.04,90.48,47.62,66.67,76.19,48,High Performer,9.52
RN0353,25.69,52.38,9.52,47.62,23.81,48,At Risk,-23.81
RN0354,78.82,100.0,61.9,95.24,95.24,47,High Performer,0.0
RN0355,32.54,66.67,14.29,28.57,23.81,48,At Risk,-4.76
RN0356,34.21,52.38,9.52,42.86,42.86,49,At Risk,0.0
RN0357,90.17,100.0,57.14,90.48,100.0,47,Top Performer,9.52
RN0358,40.38,66.67,19.05,28.57,57.14,48,Needs Support,28.57
RN0359,63.36,90.48,38.1,85.71,57.14,49,Average,-28.57
RN0360,79.4,95.24,52.38,90.48,95.24,49,High Performer,4.76
RN0361,53.06,76.19,28.57,66.67,47.62,49,Average,-19.05
RN0362,24.31,47.62,0.0,0.0,38.1,48,At Risk,38.1
RN0363,81.55,100.0,61.9,85.71,80.95,48,High Performer,-4.76
RN0364,74.34,95.24,38.1,90.48,80.95,49,High Performer,-9.52
RN0365,76.48,90.48,57.14,85.71,66.67,49,High Performer,-19.05
RN0366,77.07,95.24,52.38,76.19,66.67,49,High Performer,-9.52
RN0367,56.95,85.71,33.33,71.43,42.86,49,Average,-28.57
RN0368,59.13,85.71,28.57,52.38,57.14,48,Average,4.76
RN0369,66.24,90.48,33.33,85.71,71.43,45,Average,-14.29
RN0370,23.31,52.38,0.0,28.57,19.05,48,At Risk,-9.52
RN0371,74.64,95.24,52.38,76.19,80.95,49,High Performer,4.76
RN0372,36.64,66.67,9.52,38.1,47.62,49,Needs Support,9.52
RN0373,80.27,100.0,57.14,100.0,85.71,49,High Performer,-14.29
RN0374,79.11,95.24,33.33,85.71,80.95,44,High Performer,-4.76
RN0375,71.01,90.48,47.62,80.95,80.95,46,High Performer,0.0
RN0376,62.11,80.95,38.1,52.38,61.9,47,Average,9.52
RN0377,79.56,100.0,66.67,90.48,80.95,48,High Performer,-9.52
RN0378,39.72,71.43,14.29,47.62,47.62,47,Needs Support,0.0
RN0379,90.88,100.0,71.43,95.24,100.0,47,Top Performer,4.76
RN0380,77.07,100.0,61.9,66.67,71.43,49,High Performer,4.76
RN0381,35.81,57.14,9.52,33.33,23.81,50,Needs Support,-9.52
RN0382,91.07,100.0,71.43,100.0,95.24,48,Top Performer,-4.76
RN0383,55.28,80.95,28.57,61.9,47.62,46,Average,-14.29
RN0384,74.57,90.48,52.38,85.71,85.71,47,High Performer,0.0
RN0385,53.12,76.19,28.57,71.43,61.9,45,Average,-9.52
RN0386,60.14,80.95,33.33,61.9,66.67,46,Average,4.76
RN0387,42.06,76.19,23.81,42.86,61.9,42,Needs Support,19.05
RN0388,56.07,80.95,38.1,52.38,52.38,49,Average,0.0
RN0389,76.76,95.24,52.38,71.43,66.67,50,High Performer,-4.76
RN0390,51.45,76.19,23.81,66.67,33.33,46,Average,-33.33
RN0391,81.56,100.0,61.9,85.71,85.71,47,High Performer,0.0
RN0392,65.28,85.71,33.33,66.67,66.67,48,Average,0.0
RN0393,75.7,95.24,47.62,85.71,80.95,49,High Performer,-4.76
RN0394,51.51,71.43,28.57,38.1,61.9,49,Average,23.81
RN0395,63.49,85.71,38.1,80.95,66.67,48,Average,-14.29
RN0396,58.7,76.19,33.33,61.9,76.19,46,Average,14.29
RN0397,86.42,100.0,61.9,100.0,90.48,47,Top Performer,-9.52
RN0398,56.65,80.95,28.57,57.14,57.14,48,Average,0.0
RN0399,74.93,95.24,57.14,76.19,76.19,49,High Performer,0.0
RN0400,54.81,80.95,28.57,57.14,71.43,49,Average,14.29
RN0401,34.03,61.9,14.29,19.05,19.05,48,At Risk,0.0
RN0402,28.57,47.62,9.52,19.05,33.33,49,At Risk,14.29
RN0403,42.57,71.43,14.29,47.62,47.62,49,Needs Support,0.0
RN0404,20.34,47.62,0.0,19.05,19.05,48,At Risk,0.0
RN0405,45.14,71.43,14.29,66.67,38.1,48,Needs Support,-28.57
RN0406,71.91,90.48,47.62,76.19,85.71,49,High Performer,9.52
RN0407,14.49,33.33,0.0,14.29,14.29,47,At Risk,0.0
RN0408,35.62,71.43,14.29,57.14,38.1,48,Needs Support,-19.05
RN0409,50.1,80.95,23.81,66.67,38.1,50,Average,-28.57
RN0410,61.59,85.71,38.1,61.9,61.9,46,Average,0.0
RN0411,49.74,85.71,28.57,47.62,33.33,45,Needs Support,-14.29
RN0412,23.91,47.62,4.76,38.1,4.76,48,At Risk,-33.33
RN0413,54.0,80.95,28.57,66.67,57.14,47,Average,-9.52
RN0414,91.08,100.0,76.19,90.48,85.71,47,Top Performer,-4.76
RN0415,37.59,61.9,14.29,28.57,61.9,47,Needs Support,33.33
RN0416,37.12,61.9,14.29,33.33,23.81,49,Needs Support,-9.52
RN0417,44.31,71.43,19.05,42.86,47.62,46,Needs Support,4.76
RN0418,41.98,76.19,9.52,47.62,33.33,49,Needs Support,-14.29
RN0419,63.99,85.71,38.1,61.9,42.86,48,Average,-19.05
RN0420,88.72,100.0,66.67,95.24,100.0,46,Top Performer,4.76
RN0421,78.08,100.0,42.86,61.9,100.0,48,High Performer,38.1
RN0422,24.8,47.62,4.76,19.05,14.29,48,At Risk,-4.76
RN0423,59.13,80.95,33.33,71.43,61.9,48,Average,-9.52
RN0424,41.17,66.67,14.29,38.1,33.33,48,Needs Support,-4.76
RN0425,79.3,100.0,57.14,90.48,80.95,49,High Performer,-9.52
RN0426,59.62,80.95,33.33,66.67,57.14,48,Average,-9.52
RN0427,54.45,76.19,23.81,76.19,57.14,46,Average,-19.05
RN0428,71.05,95.24,47.62,95.24,66.67,50,High Performer,-28.57
RN0429,60.62,85.71,28.57,57.14,85.71,48,Average,28.57
RN0430,58.6,80.95,33.33,57.14,33.33,49,Average,-23.81
RN0431,61.42,85.71,33.33,61.9,71.43,49,Average,9.52
RN0432,35.87,57.14,9.52,28.57,57.14,47,Needs Support,28.57
RN0433,28.47,52.38,14.29,23.81,14.29,48,At Risk,-9.52
RN0434,72.44,90.48,42.86,85.71,66.67,47,High Performer,-19.05
RN0435,55.28,90.48,23.81,47.62,57.14,46,Average,9.52
RN0436,77.88,100.0,47.62,80.95,76.19,45,High Performer,-4.76
RN0437,38.2,66.67,19.05,42.86,38.1,47,Needs Support,-4.76
RN0438,71.12,90.48,52.38,76.19,61.9,47,High Performer,-14.29
RN0439,84.29,100.0,61.9,95.24,90.48,50,High Performer,-4.76
RN0440,91.51,100.0,71.43,95.24,95.24,46,Top Performer,0.0
RN0441,91.2,100.0,71.43,95.24,90.48,46,Top Performer,-4.76
RN0442,24.67,57.14,0.0,9.52,33.33,50,At Risk,23.81
RN0443,78.36,100.0,57.14,90.48,80.95,46,High Performer,-9.52
RN0444,50.99,76.19,28.57,38.1,76.19,48,Average,38.1
RN0445,90.86,100.0,61.9,100.0,90.48,50,Top Performer,-9.52
RN0446,53.74,76.19,28.57,52.38,47.62,49,Average,-4.76
RN0447,16.87,42.86,0.0,23.81,0.0,46,At Risk,-23.81
RN0448,40.32,61.9,19.05,38.1,38.1,47,Needs Support,0.0
RN0449,54.41,85.71,23.81,76.19,42.86,47,Average,-33.33
RN0450,70.6,95.24,52.38,76.19,71.43,46,High Performer,-4.76
RN0451,69.48,100.0,47.62,76.19,80.95,49,Average,4.76
RN0452,60.39,76.19,38.1,61.9,61.9,47,Average,0.0
RN0453,67.94,95.24,42.86,95.24,71.43,45,Average,-23.81
RN0454,61.8,85.71,33.33,52.38,61.9,47,Average,9.52
RN0455,23.52,42.86,4.76,42.86,19.05,49,At Risk,-23.81
RN0456,77.48,100.0,52.38,76.19,80.95,48,High Performer,4.76
RN0457,59.18,80.95,33.33,61.9,76.19,49,Average,14.29
RN0458,72.02,90.48,38.1,66.67,71.43,48,High Performer,4.76
RN0459,55.26,80.95,38.1,76.19,38.1,48,Average,-38.1
RN0460,42.16,71.43,19.05,33.33,33.33,48,Needs Support,0.0
RN0461,70.54,90.48,42.86,80.95,80.95,48,High Performer,0.0
RN0462,58.29,90.48,33.33,71.43,61.9,50,Average,-9.52
RN0463,58.83,85.71,38.1,71.43,61.9,48,Average,-9.52
RN0464,37.14,66.67,14.29,38.1,28.57,50,Needs Support,-9.52
RN0465,92.13,100.0,76.19,90.48,100.0,49,Top Performer,9.52
RN0466,61.5,85.71,33.33,71.43,66.67,47,Average,-4.76
RN0467,63.02,85.71,38.1,47.62,57.14,47,Average,9.52
RN0468,76.09,100.0,52.38,85.71,90.48,46,High Performer,4.76
RN0469,49.6,76.19,23.81,47.62,47.62,48,Needs Support,0.0
RN0470,28.17,47.62,9.52,23.81,33.33,48,At Risk,9.52
RN0471,61.59,85.71,28.57,85.71,57.14,45,Average,-28.57
RN0472,43.06,66.67,19.05,38.1,47.62,46,Needs Support,9.52
RN0473,73.35,95.24,33.33,95.24,76.19,47,High Performer,-19.05
RN0474,35.45,61.9,14.29,61.9,33.33,45,Needs Support,-28.57
RN0475,84.89,100.0,61.9,95.24,90.48,46,High Performer,-4.76
RN0476,53.77,80.95,28.57,71.43,47.62,48,Average,-23.81
RN0477,59.77,80.95,47.62,47.62,61.9,49,Average,14.29
RN0478,63.02,90.48,28.57,66.67,52.38,47,Average,-14.29
RN0479,71.73,90.48,42.86,85.71,76.19,48,High Performer,-9.52
RN0480,74.47,95.24,57.14,76.19,80.95,47,High Performer,4.76
RN0481,30.5,52.38,9.52,33.33,14.29,47,At Risk,-19.05
RN0482,54.86,85.71,23.81,52.38,61.9,48,Average,9.52
RN0483,65.75,100.0,42.86,76.19,66.67,47,Average,-9.52
RN0484,26.03,52.38,4.76,38.1,19.05,45,At Risk,-19.05
RN0485,55.26,90.48,28.57,57.14,76.19,48,Average,19.05
RN0486,58.73,76.19,38.1,71.43,57.14,48,Average,-14.29
RN0487,85.52,100.0,61.9,76.19,95.24,49,Top Performer,19.05
RN0488,87.3,100.0,57.14,90.48,90.48,48,Top Performer,0.0
RN0489,40.67,71.43,19.05,66.67,33.33,48,Needs Support,-33.33
RN0490,55.36,71.43,28.57,52.38,66.67,48,Average,14.29
RN0491,43.25,71.43,19.05,52.38,47.62,49,Needs Support,-4.76
RN0492,32.54,66.67,9.52,38.1,19.05,48,At Risk,-19.05
RN0493,53.05,80.95,38.1,66.67,57.14,50,Average,-9.52
RN0494,85.92,100.0,52.38,95.24,85.71,47,Top Performer,-9.52
RN0495,53.6,76.19,28.57,52.38,66.67,47,Average,14.29
RN0496,60.62,80.95,47.62,61.9,61.9,48,Average,0.0
RN0497,45.14,71.43,19.05,66.67,19.05,48,Needs Support,-47.62
RN0498,76.92,95.24,52.38,95.24,85.71,46,High Performer,-9.52
RN0499,55.07,76.19,33.33,42.86,61.9,46,Average,19.05
RN0500,49.95,80.95,23.81,42.86,52.38,49,Needs Support,9.52
RN0501,65.69,90.48,47.62,66.67,57.14,49,Average,-9.52
RN0502,75.18,95.24,52.38,80.95,80.95,47,High Performer,0.0
RN0503,79.81,100.0,52.38,71.43,80.95,50,High Performer,9.52
RN0504,65.67,90.48,42.86,57.14,90.48,48,Average,33.33
RN0505,62.2,85.71,33.33,85.71,57.14,48,Average,-28.57
RN0506,73.51,100.0,47.62,76.19,66.67,48,High Performer,-9.52
RN0507,55.62,85.71,23.81,61.9,52.38,50,Average,-9.52
RN0508,36.17,61.9,14.29,28.57,28.57,47,Needs Support,0.0
RN0509,33.93,61.9,9.52,61.9,33.33,48,At Risk,-28.57
RN0510,78.1,95.24,52.38,71.43,85.71,50,High Performer,14.29
RN0511,38.1,57.14,19.05,33.33,42.86,49,Needs Support,9.52
RN0512,66.57,90.48,38.1,61.9,80.95,49,Average,19.05
RN0513,73.28,90.48,42.86,71.43,80.95,49,High Performer,9.52
RN0514,34.37,61.9,14.29,61.9,33.33,46,At Risk,-28.57
RN0515,36.21,71.43,4.76,19.05,28.57,48,Needs Support,9.52
RN0516,33.52,57.14,9.52,19.05,23.81,50,At Risk,4.76
RN0517,88.49,100.0,66.67,95.24,90.48,48,Top Performer,-4.76
RN0518,85.22,100.0,61.9,90.48,85.71,48,Top Performer,-4.76
RN0519,19.15,47.62,4.76,19.05,19.05,46,At Risk,0.0
RN0520,91.69,100.0,71.43,100.0,95.24,47,Top Performer,-4.76
RN0521,78.1,100.0,61.9,80.95,85.71,50,High Performer,4.76
RN0522,60.49,85.71,38.1,66.67,66.67,47,Average,0.0
RN0523,85.71,100.0,61.9,95.24,95.24,50,Top Performer,0.0
RN0524,44.64,80.95,28.57,52.38,38.1,48,Needs Support,-14.29
RN0525,43.44,66.67,19.05,61.9,61.9,49,Needs Support,0.0
RN0526,68.45,90.48,42.86,76.19,76.19,48,Average,0.0
RN0527,20.47,38.1,0.0,4.76,14.29,47,At Risk,9.52
RN0528,31.31,66.67,14.29,28.57,23.81,47,At Risk,-4.76
RN0529,54.2,80.95,28.57,80.95,61.9,47,Average,-19.05
RN0530,75.18,95.24,52.38,80.95,66.67,47,High Performer,-14.29
RN0531,53.26,76.19,23.81,76.19,61.9,49,Average,-14.29
RN0532,43.15,71.43,19.05,52.38,42.86,49,Needs Support,-9.52
RN0533,52.98,85.71,28.57,61.9,66.67,48,Average,4.76
RN0534,53.39,76.19,33.33,57.14,76.19,47,Average,19.05
RN0535,41.95,76.19,19.05,38.1,57.14,47,Needs Support,19.05
RN0536,86.69,100.0,52.38,85.71,100.0,49,Top Performer,14.29
RN0537,69.71,90.48,38.1,80.95,71.43,47,Average,-9.52
RN0538,55.62,80.95,33.33,61.9,38.1,50,Average,-23.81
RN0539,29.62,57.14,9.52,23.81,38.1,50,At Risk,14.29
RN0540,49.9,71.43,28.57,47.62,52.38,48,Needs Support,4.76
RN0541,54.87,85.71,33.33,61.9,61.9,46,Average,0.0
RN0542,59.38,80.95,38.1,42.86,52.38,49,Average,9.52
RN0543,44.54,71.43,19.05,66.67,42.86,48,Needs Support,-23.81
RN0544,60.89,90.48,33.33,71.43,61.9,47,Average,-9.52
RN0545,87.37,100.0,61.9,100.0,90.48,46,Top Performer,-9.52
RN0546,73.91,95.24,47.62,95.24,66.67,48,High Performer,-28.57
RN0547,27.98,47.62,9.52,28.57,38.1,48,At Risk,9.52
RN0548,87.43,100.0,66.67,95.24,95.24,50,Top Performer,0.0
RN0549,78.27,95.24,47.62,95.24,80.95,48,High Performer,-14.29
RN0550,92.36,100.0,76.19,100.0,90.48,48,Top Performer,-9.52
RN0551,25.56,57.14,0.0,28.57,33.33,49,At Risk,4.76
RN0552,31.1,47.62,9.52,42.86,33.33,47,At Risk,-9.52
RN0553,25.43,57.14,4.76,23.81,9.52,50,At Risk,-14.29
RN0554,42.0,71.43,14.29,47.62,38.1,50,Needs Support,-9.52
RN0555,54.62,76.19,33.33,66.67,66.67,49,Average,0.0
RN0556,78.86,95.24,57.14,90.48,85.71,50,High Performer,-4.76
RN0557,74.76,95.24,47.62,80.95,76.19,50,High Performer,-4.76
RN0558,47.82,76.19,14.29,52.38,47.62,47,Needs Support,-4.76
RN0559,83.83,100.0,52.38,100.0,90.48,48,High Performer,-9.52
RN0560,60.0,76.19,38.1,61.9,71.43,50,Average,9.52
RN0561,39.26,76.19,14.29,57.14,38.1,49,Needs Support,-19.05
RN0562,57.24,80.95,23.81,57.14,42.86,49,Average,-14.29
RN0563,87.0,100.0,61.9,95.24,95.24,48,Top Performer,0.0
RN0564,72.42,100.0,47.62,71.43,76.19,48,High Performer,4.76
RN0565,73.6,100.0,52.38,85.71,71.43,46,High Performer,-14.29
RN0566,51.7,71.43,33.33,66.67,61.9,49,Average,-4.76
RN0567,55.75,76.19,28.57,71.43,61.9,48,Average,-9.52
RN0568,88.51,100.0,71.43,100.0,80.95,46,Top Performer,-19.05
RN0569,73.91,95.24,57.14,80.95,71.43,48,High Performer,-9.52
RN0570,58.43,90.48,28.57,57.14,47.62,48,Average,-9.52
RN0571,72.59,95.24,38.1,90.48,80.95,49,High Performer,-9.52
RN0572,60.35,80.95,28.57,66.67,76.19,49,Average,9.52
RN0573,38.0,61.9,9.52,47.62,28.57,49,Needs Support,-19.05
RN0574,78.67,95.24,57.14,90.48,80.95,46,High Performer,-9.52
RN0575,62.97,90.48,38.1,71.43,61.9,49,Average,-9.52
RN0576,47.12,71.43,14.29,52.38,61.9,48,Needs Support,9.52
RN0577,59.23,80.95,28.57,61.9,42.86,48,Average,-19.05
RN0578,51.12,71.43,28.57,66.67,61.9,49,Average,-4.76
RN0579,78.72,95.24,52.38,95.24,76.19,49,High Performer,-19.05
RN0580,73.86,90.48,52.38,85.71,76.19,47,High Performer,-9.52
RN0581,74.31,100.0,47.62,100.0,71.43,48,High Performer,-28.57
RN0582,42.57,80.95,14.29,80.95,57.14,49,Needs Support,-23.81
RN0583,53.97,80.95,28.57,71.43,61.9,48,Average,-9.52
RN0584,43.43,71.43,19.05,47.62,42.86,50,Needs Support,-4.76
RN0585,34.99,57.14,9.52,28.57,38.1,49,At Risk,9.52
RN0586,92.36,100.0,71.43,100.0,95.24,48,Top Performer,-4.76
RN0587,60.06,85.71,28.57,57.14,66.67,49,Average,9.52
RN0588,70.85,90.48,42.86,90.48,71.43,49,High Performer,-19.05
RN0589,60.08,80.95,33.33,61.9,66.67,47,Average,4.76
RN0590,61.24,90.48,42.86,66.67,57.14,50,Average,-9.52
RN0591,54.27,85.71,28.57,61.9,52.38,48,Average,-9.52
RN0592,44.13,66.67,19.05,47.62,57.14,45,Needs Support,9.52
RN0593,32.94,76.19,14.29,47.62,38.1,49,At Risk,-9.52
RN0594,70.46,95.24,52.38,66.67,71.43,49,High Performer,4.76
RN0595,72.52,95.24,47.62,66.67,90.48,48,High Performer,23.81
RN0596,88.0,100.0,66.67,100.0,90.48,48,Top Performer,-9.52
RN0597,69.71,95.24,47.62,76.19,76.19,50,Average,0.0
RN0598,52.17,76.19,28.57,38.1,52.38,46,Average,14.29
RN0599,56.0,76.19,33.33,66.67,61.9,50,Average,-4.76
RN0600,50.53,76.19,23.81,66.67,47.62,49,Average,-19.05
RN0601,86.96,100.0,61.9,85.71,90.48,46,Top Performer,4.76
RN0602,79.03,100.0,57.14,90.48,66.67,47,High Performer,-23.81
RN0603,81.33,95.24,52.38,80.95,85.71,50,High Performer,4.76
RN0604,83.67,100.0,42.86,95.24,100.0,49,High Performer,4.76
RN0605,61.81,90.48,33.33,76.19,66.67,50,Average,-9.52
RN0606,26.39,42.86,4.76,33.33,33.33,48,At Risk,0.0
RN0607,60.52,90.48,38.1,57.14,85.71,48,Average,28.57
RN0608,69.54,85.71,42.86,61.9,66.67,48,Average,4.76
RN0609,37.6,66.67,14.29,57.14,33.33,48,Needs Support,-23.81
RN0610,62.2,85.71,33.33,85.71,76.19,48,Average,-9.52
RN0611,86.71,100.0,61.9,80.95,85.71,48,Top Performer,4.76
RN0612,79.33,100.0,57.14,90.48,80.95,47,High Performer,-9.52
RN0613,33.43,57.14,9.52,33.33,19.05,48,At Risk,-14.29
RN0614,54.76,85.71,33.33,85.71,57.14,48,Average,-28.57
RN0615,39.48,71.43,14.29,42.86,47.62,48,Needs Support,4.76
RN0616,55.56,76.19,33.33,61.9,52.38,48,Average,-9.52
RN0617,35.67,61.9,14.29,38.1,38.1,49,Needs Support,0.0
RN0618,55.59,80.95,19.05,57.14,61.9,49,Average,4.76
RN0619,87.94,100.0,66.67,90.48,90.48,47,Top Performer,0.0
RN0620,58.73,90.48,38.1,61.9,52.38,48,Average,-9.52
RN0621,55.98,76.19,28.57,71.43,42.86,49,Average,-28.57
RN0622,87.34,100.0,61.9,90.48,90.48,44,Top Performer,0.0
RN0623,75.66,90.48,52.38,66.67,90.48,45,High Performer,23.81
RN0624,68.95,90.48,47.62,52.38,71.43,48,Average,19.05
RN0625,54.46,80.95,33.33,52.38,61.9,48,Average,9.52
RN0626,90.58,100.0,71.43,100.0,100.0,47,Top Performer,0.0
RN0627,23.33,47.62,4.76,33.33,14.29,50,At Risk,-19.05
RN0628,79.76,100.0,57.14,80.95,76.19,44,High Performer,-4.76
RN0629,47.04,80.95,14.29,52.38,42.86,49,Needs Support,-9.52
RN0630,91.77,100.0,71.43,100.0,95.24,48,Top Performer,-4.76
RN0631,39.38,66.67,19.05,57.14,28.57,48,Needs Support,-28.57
RN0632,49.6,76.19,23.81,76.19,23.81,48,Needs Support,-52.38
RN0633,21.03,38.1,4.76,23.81,19.05,48,At Risk,-4.76
RN0634,61.5,90.48,33.33,57.14,47.62,47,Average,-9.52
RN0635,78.88,95.24,57.14,90.48,80.95,46,High Performer,-9.52
RN0636,28.09,57.14,4.76,33.33,14.29,49,At Risk,-19.05
RN0637,75.41,95.24,52.38,80.95,85.71,49,High Performer,4.76
RN0638,79.46,100.0,47.62,66.67,76.19,48,High Performer,9.52
RN0639,62.4,85.71,38.1,71.43,61.9,48,Average,-9.52
RN0640,74.8,95.24,42.86,90.48,90.48,48,High Performer,0.0
RN0641,57.54,85.71,28.57,52.38,61.9,48,Average,9.52
RN0642,56.56,76.19,33.33,47.62,38.1,49,Average,-9.52
RN0643,55.42,80.95,38.1,52.38,61.9,47,Average,9.52
RN0644,31.68,61.9,9.52,33.33,42.86,49,At Risk,9.52
RN0645,75.05,95.24,42.86,85.71,76.19,50,High Performer,-9.52
RN0646,55.46,90.48,28.57,71.43,57.14,48,Average,-14.29
RN0647,75.32,95.24,52.38,95.24,90.48,49,High Performer,-4.76
RN0648,58.87,85.71,38.1,61.9,61.9,47,Average,0.0
RN0649,84.55,100.0,61.9,95.24,85.71,45,High Performer,-9.52
RN0650,61.71,85.71,38.1,71.43,66.67,50,Average,-4.76
RN0651,90.38,100.0,71.43,90.48,90.48,49,Top Performer,0.0
RN0652,84.85,100.0,66.67,100.0,95.24,44,High Performer,-4.76
RN0653,76.97,100.0,52.38,85.71,95.24,49,High Performer,9.52
RN0654,22.22,38.1,4.76,28.57,19.05,48,At Risk,-9.52
RN0655,44.19,80.95,14.29,28.57,47.62,50,Needs Support,19.05
RN0656,87.4,100.0,61.9,95.24,90.48,48,Top Performer,-4.76
RN0657,82.41,100.0,52.38,90.48,80.95,49,High Performer,-9.52
RN0658,79.71,95.24,52.38,61.9,85.71,46,High Performer,23.81
RN0659,86.49,100.0,52.38,95.24,95.24,49,Top Performer,0.0
RN0660,79.4,100.0,47.62,76.19,85.71,49,High Performer,9.52
RN0661,38.76,57.14,19.05,42.86,52.38,50,Needs Support,9.52
RN0662,60.16,80.95,33.33,66.67,61.9,49,Average,-4.76
RN0663,60.12,85.71,28.57,66.67,66.67,48,Average,0.0
RN0664,56.65,90.48,23.81,61.9,57.14,48,Average,-4.76
RN0665,53.87,76.19,23.81,57.14,61.9,48,Average,4.76
RN0666,74.67,90.48,52.38,90.48,80.95,47,High Performer,-9.52
RN0667,73.96,95.24,47.62,71.43,80.95,47,High Performer,9.52
RN0668,78.37,100.0,42.86,85.71,85.71,48,High Performer,0.0
RN0669,70.6,90.48,52.38,80.95,57.14,46,High Performer,-23.81
RN0670,59.67,80.95,33.33,61.9,61.9,49,Average,0.0
RN0671,58.11,80.95,33.33,71.43,52.38,49,Average,-19.05
RN0672,87.46,100.0,57.14,95.24,85.71,49,Top Performer,-9.52
RN0673,40.97,76.19,14.29,33.33,47.62,48,Needs Support,14.29
RN0674,60.35,85.71,33.33,47.62,71.43,49,Average,23.81
RN0675,55.16,76.19,28.57,52.38,42.86,48,Average,-9.52
RN0676,42.44,71.43,14.29,33.33,38.1,46,Needs Support,4.76
RN0677,88.14,100.0,66.67,100.0,95.24,49,Top Performer,-4.76
RN0678,68.03,95.24,42.86,80.95,61.9,49,Average,-19.05
RN0679,73.81,95.24,47.62,76.19,80.95,48,High Performer,4.76
RN0680,73.08,95.24,52.38,76.19,80.95,49,High Performer,4.76
RN0681,77.55,95.24,52.38,95.24,90.48,49,High Performer,-4.76
RN0682,60.02,85.71,38.1,61.9,52.38,48,Average,-9.52
RN0683,74.9,95.24,52.38,80.95,57.14,48,High Performer,-23.81
RN0684,41.59,61.9,23.81,42.86,47.62,49,Needs Support,4.76
RN0685,74.25,95.24,47.62,85.71,71.43,49,High Performer,-14.29
RN0686,84.94,100.0,47.62,100.0,95.24,49,High Performer,-4.76
RN0687,30.32,57.14,4.76,28.57,42.86,49,At Risk,14.29
RN0688,85.03,100.0,61.9,90.48,80.95,49,Top Performer,-9.52
RN0689,36.38,61.9,19.05,33.33,52.38,50,Needs Support,19.05
RN0690,68.85,95.24,42.86,61.9,76.19,48,Average,14.29
RN0691,60.39,80.95,38.1,66.67,61.9,47,Average,-4.76
RN0692,72.02,95.24,42.86,71.43,76.19,48,High Performer,4.76
RN0693,54.66,71.43,28.57,47.62,52.38,48,Average,4.76
RN0694,72.69,100.0,47.62,80.95,71.43,49,High Performer,-9.52
RN0695,79.81,95.24,52.38,85.71,80.95,50,High Performer,-4.76
RN0696,74.05,100.0,47.62,95.24,85.71,49,High Performer,-9.52
RN0697,17.49,38.1,0.0,33.33,19.05,46,At Risk,-14.29
RN0698,53.35,71.43,28.57,47.62,61.9,49,Average,14.29
RN0699,28.99,47.62,9.52,23.81,38.1,46,At Risk,14.29
RN0700,91.61,100.0,66.67,100.0,100.0,46,Top Performer,0.0
RN0701,51.88,71.43,28.57,71.43,47.62,48,Average,-23.81
RN0702,72.11,95.24,47.62,95.24,71.43,49,High Performer,-23.81
RN0703,79.27,100.0,57.14,90.48,85.71,48,High Performer,-4.76
RN0704,87.81,100.0,66.67,90.48,95.24,50,Top Performer,4.76
RN0705,47.72,71.43,23.81,57.14,47.62,48,Needs Support,-9.52
RN0706,63.17,90.48,38.1,66.67,66.67,49,Average,0.0
RN0707,72.24,90.48,42.86,76.19,80.95,47,High Performer,4.76
RN0708,60.22,80.95,33.33,71.43,33.33,48,Average,-38.1
RN0709,84.8,100.0,57.14,95.24,95.24,47,High Performer,0.0
RN0710,79.17,95.24,52.38,85.71,71.43,48,High Performer,-14.29
RN0711,49.9,76.19,28.57,52.38,33.33,48,Needs Support,-19.05
RN0712,75.8,95.24,47.62,76.19,85.71,49,High Performer,9.52
RN0713,78.57,95.24,47.62,85.71,80.95,50,High Performer,-4.76
RN0714,72.5,95.24,47.62,85.71,76.19,49,High Performer,-9.52
RN0715,37.22,61.9,9.52,38.1,14.29,49,Needs Support,-23.81
RN0716,62.1,95.24,38.1,57.14,47.62,48,Average,-9.52
RN0717,62.39,85.71,42.86,71.43,80.95,49,Average,9.52
RN0718,72.51,95.24,47.62,80.95,71.43,44,High Performer,-9.52
RN0719,87.37,100.0,66.67,80.95,95.24,49,Top Performer,14.29
RN0720,53.12,76.19,33.33,76.19,33.33,45,Average,-42.86
RN0721,52.18,71.43,28.57,47.62,57.14,47,Average,9.52
RN0722,56.56,80.95,23.81,61.9,71.43,49,Average,9.52
RN0723,61.51,90.48,38.1,38.1,71.43,48,Average,33.33
RN0724,89.97,100.0,66.67,100.0,100.0,47,Top Performer,0.0
RN0725,53.97,85.71,28.57,80.95,47.62,48,Average,-33.33
RN0726,33.05,61.9,14.29,42.86,38.1,50,At Risk,-4.76
RN0727,76.71,95.24,52.38,90.48,80.95,46,High Performer,-9.52
RN0728,29.46,61.9,0.0,23.81,28.57,48,At Risk,4.76
RN0729,50.86,95.24,19.05,71.43,61.9,47,Average,-9.52
RN0730,71.73,95.24,33.33,66.67,76.19,48,High Performer,9.52
RN0731,58.13,80.95,28.57,71.43,52.38,48,Average,-19.05
RN0732,28.88,52.38,9.52,38.1,9.52,47,At Risk,-28.57
RN0733,58.16,85.71,33.33,47.62,52.38,47,Average,4.76
RN0734,42.1,61.9,19.05,38.1,28.57,50,Needs Support,-9.52
RN0735,77.85,90.48,57.14,71.43,80.95,46,High Performer,9.52
RN0736,78.76,100.0,28.57,85.71,95.24,50,High Performer,9.52
RN0737,75.99,100.0,47.62,90.48,85.71,48,High Performer,-4.76
RN0738,45.73,76.19,23.81,47.62,28.57,48,Needs Support,-19.05
RN0739,27.95,57.14,14.29,33.33,33.33,46,At Risk,0.0
RN0740,84.23,100.0,66.67,90.48,85.71,45,High Performer,-4.76
RN0741,34.11,52.38,4.76,38.1,42.86,49,At Risk,4.76
RN0742,14.29,38.1,0.0,9.52,14.29,49,At Risk,4.76
RN0743,45.19,71.43,14.29,52.38,61.9,47,Needs Support,9.52
RN0744,48.41,80.95,23.81,33.33,23.81,48,Needs Support,-9.52
RN0745,62.0,85.71,38.1,66.67,71.43,48,Average,4.76
RN0746,90.96,100.0,66.67,95.24,95.24,49,Top Performer,0.0
RN0747,45.93,76.19,28.57,52.38,38.1,48,Needs Support,-14.29
RN0748,73.66,95.24,38.1,80.95,90.48,49,High Performer,9.52
RN0749,75.2,95.24,52.38,90.48,71.43,48,High Performer,-19.05
RN0750,52.28,85.71,19.05,85.71,66.67,47,Average,-19.05
RN0751,73.56,90.48,52.38,76.19,85.71,47,High Performer,9.52
RN0752,75.1,100.0,57.14,100.0,76.19,48,High Performer,-23.81
RN0753,67.76,90.48,42.86,85.71,71.43,48,Average,-14.29
RN0754,52.91,80.95,28.57,47.62,33.33,45,Average,-14.29
RN0755,54.96,80.95,33.33,76.19,66.67,48,Average,-9.52
RN0756,71.23,95.24,47.62,76.19,71.43,49,High Performer,-4.76
RN0757,54.91,80.95,14.29,71.43,57.14,47,Average,-14.29
RN0758,74.0,95.24,47.62,71.43,80.95,50,High Performer,9.52
RN0759,53.45,71.43,28.57,61.9,66.67,49,Average,4.76
RN0760,77.81,100.0,52.38,57.14,71.43,50,High Performer,14.29
RN0761,74.86,95.24,42.86,80.95,76.19,50,High Performer,-4.76
RN0762,17.59,33.33,0.0,19.05,19.05,49,At Risk,0.0
RN0763,75.51,95.24,42.86,90.48,80.95,49,High Performer,-9.52
RN0764,58.11,80.95,33.33,76.19,52.38,49,Average,-23.81
RN0765,53.93,85.71,23.81,47.62,57.14,46,Average,9.52
RN0766,52.17,76.19,33.33,71.43,38.1,46,Average,-33.33
RN0767,37.69,61.9,19.05,61.9,42.86,47,Needs Support,-19.05
RN0768,86.59,100.0,71.43,95.24,85.71,49,Top Performer,-9.52
RN0769,52.58,76.19,28.57,66.67,47.62,48,Average,-19.05
RN0770,73.08,100.0,57.14,71.43,61.9,49,High Performer,-9.52
RN0771,79.46,100.0,57.14,100.0,76.19,48,High Performer,-23.81
RN0772,30.75,47.62,9.52,42.86,23.81,48,At Risk,-19.05
RN0773,56.48,76.19,33.33,76.19,47.62,50,Average,-28.57
RN0774,63.59,90.48,38.1,85.71,52.38,48,Average,-33.33
RN0775,42.66,61.9,23.81,52.38,47.62,48,Needs Support,-4.76
RN0776,88.39,100.0,66.67,100.0,85.71,48,Top Performer,-14.29
RN0777,46.38,66.67,14.29,42.86,42.86,50,Needs Support,0.0
RN0778,36.61,61.9,9.52,38.1,23.81,48,Needs Support,-14.29
RN0779,51.21,76.19,28.57,52.38,47.62,49,Average,-4.76
RN0780,56.85,80.95,28.57,57.14,71.43,48,Average,14.29
RN0781,78.87,95.24,47.62,95.24,66.67,48,High Performer,-28.57
RN0782,66.18,85.71,42.86,71.43,57.14,49,Average,-14.29
RN0783,54.95,71.43,33.33,47.62,61.9,50,Average,14.29
RN0784,66.15,85.71,38.1,85.71,61.9,46,Average,-23.81
RN0785,51.9,76.19,28.57,47.62,57.14,49,Average,9.52
RN0786,53.67,80.95,14.29,57.14,42.86,48,Average,-14.29
RN0787,87.0,100.0,61.9,100.0,90.48,48,Top Performer,-9.52
RN0788,78.17,100.0,42.86,85.71,80.95,48,High Performer,-4.76
RN0789,56.56,85.71,23.81,57.14,61.9,49,Average,4.76
RN0790,62.2,80.95,23.81,61.9,52.38,48,Average,-9.52
RN0791,44.41,66.67,28.57,42.86,52.38,49,Needs Support,9.52
RN0792,55.87,85.71,38.1,47.62,52.38,45,Average,4.76
RN0793,73.71,100.0,42.86,85.71,66.67,50,High Performer,-19.05
RN0794,80.34,95.24,52.38,76.19,85.71,47,High Performer,9.52
RN0795,86.85,100.0,61.9,95.24,80.95,46,Top Performer,-14.29
RN0796,86.57,100.0,57.14,95.24,85.71,50,Top Performer,-9.52
RN0797,56.43,80.95,23.81,47.62,66.67,47,Average,19.05
RN0798,53.45,76.19,28.57,57.14,57.14,49,Average,0.0
RN0799,73.61,90.48,52.38,76.19,80.95,48,High Performer,4.76
RN0800,68.65,90.48,38.1,85.71,71.43,48,Average,-14.29
RN0801,91.45,100.0,66.67,95.24,95.24,49,Top Performer,0.0
RN0802,50.05,66.67,19.05,61.9,66.67,47,Average,4.76
RN0803,89.59,100.0,66.67,100.0,100.0,43,Top Performer,0.0
RN0804,26.75,57.14,4.76,33.33,19.05,47,At Risk,-14.29
RN0805,87.64,100.0,61.9,90.48,100.0,47,Top Performer,9.52
RN0806,58.29,85.71,38.1,61.9,52.38,50,Average,-9.52
RN0807,62.23,90.48,33.33,71.43,57.14,44,Average,-14.29
RN0808,61.61,85.71,38.1,61.9,85.71,48,Average,23.81
RN0809,90.17,100.0,61.9,95.24,90.48,46,Top Performer,-4.76
RN0810,27.38,57.14,4.76,38.1,19.05,48,At Risk,-19.05
RN0811,30.8,57.14,9.52,33.33,33.33,47,At Risk,0.0
RN0812,28.67,47.62,9.52,23.81,19.05,50,At Risk,-4.76
RN0813,54.0,85.71,33.33,76.19,61.9,50,Average,-14.29
RN0814,80.06,100.0,57.14,95.24,80.95,48,High Performer,-14.29
RN0815,82.09,95.24,61.9,95.24,71.43,46,High Performer,-23.81
RN0816,91.16,100.0,71.43,100.0,95.24,49,Top Performer,-4.76
RN0817,32.17,61.9,9.52,52.38,38.1,49,At Risk,-14.29
RN0818,59.98,80.95,28.57,57.14,61.9,47,Average,4.76
RN0819,62.0,90.48,38.1,61.9,61.9,49,Average,0.0
RN0820,76.4,95.24,47.62,85.71,76.19,46,High Performer,-9.52
RN0821,65.08,95.24,47.62,61.9,85.71,45,Average,23.81
RN0822,29.07,47.62,9.52,33.33,23.81,48,At Risk,-9.52
RN0823,74.25,95.24,47.62,76.19,80.95,49,High Performer,4.76
RN0824,73.61,95.24,47.62,76.19,90.48,48,High Performer,14.29
RN0825,54.45,76.19,33.33,52.38,57.14,46,Average,4.76
RN0826,81.62,100.0,61.9,80.95,80.95,50,High Performer,0.0
RN0827,78.67,100.0,47.62,90.48,85.71,46,High Performer,-4.76
RN0828,55.83,85.71,19.05,42.86,66.67,47,Average,23.81
RN0829,60.64,90.48,28.57,76.19,42.86,49,Average,-33.33
RN0830,55.22,90.48,23.81,61.9,71.43,47,Average,9.52
RN0831,51.81,71.43,28.57,71.43,61.9,50,Average,-9.52
RN0832,52.58,76.19,23.81,61.9,52.38,49,Average,-9.52
RN0833,20.14,42.86,0.0,33.33,28.57,48,At Risk,-4.76
RN0834,60.54,80.95,38.1,71.43,76.19,49,Average,4.76
RN0835,77.08,100.0,52.38,95.24,90.48,48,High Performer,-4.76
RN0836,79.81,100.0,61.9,85.71,76.19,50,High Performer,-9.52
RN0837,73.76,100.0,52.38,71.43,85.71,49,High Performer,14.29
RN0838,60.48,85.71,33.33,61.9,57.14,50,Average,-4.76
RN0839,89.89,100.0,66.67,90.48,95.24,49,Top Performer,4.76
RN0840,58.02,85.71,23.81,71.43,61.9,49,Average,-9.52
RN0841,42.45,66.67,23.81,38.1,28.57,47,Needs Support,-9.52
RN0842,48.31,71.43,23.81,47.62,52.38,48,Needs Support,4.76
RN0843,68.19,100.0,38.1,66.67,76.19,47,Average,9.52
RN0844,55.95,85.71,38.1,85.71,66.67,48,Average,-19.05
RN0845,72.82,95.24,52.38,66.67,76.19,48,High Performer,9.52
RN0846,90.09,100.0,71.43,95.24,100.0,49,Top Performer,4.76
RN0847,29.74,47.62,9.52,33.33,19.05,49,At Risk,-14.29
RN0848,71.14,95.24,23.81,61.9,66.67,49,High Performer,4.76
RN0849,27.68,57.14,9.52,28.57,33.33,48,At Risk,4.76
RN0850,54.41,85.71,28.57,52.38,47.62,47,Average,-4.76
RN0851,55.03,85.71,23.81,85.71,66.67,45,Average,-19.05
RN0852,25.93,47.62,0.0,28.57,19.05,45,At Risk,-9.52
RN0853,57.66,76.19,38.1,42.86,71.43,46,Average,28.57
RN0854,72.82,95.24,52.38,76.19,71.43,48,High Performer,-4.76
RN0855,75.43,95.24,38.1,90.48,66.67,50,High Performer,-23.81
RN0856,89.95,100.0,71.43,76.19,90.48,45,Top Performer,14.29
RN0857,82.76,100.0,57.14,100.0,90.48,50,High Performer,-9.52
RN0858,68.15,85.71,38.1,71.43,61.9,48,Average,-9.52
RN0859,30.06,66.67,9.52,28.57,28.57,48,At Risk,0.0
RN0860,18.95,42.86,0.0,9.52,9.52,49,At Risk,0.0
RN0861,61.52,90.48,23.81,57.14,57.14,50,Average,0.0
RN0862,74.1,100.0,47.62,85.71,57.14,50,High Performer,-28.57
RN0863,84.92,100.0,57.14,100.0,85.71,48,High Performer,-14.29
RN0864,38.1,66.67,9.52,52.38,38.1,48,Needs Support,-14.29
RN0865,59.27,95.24,33.33,52.38,61.9,47,Average,9.52
RN0866,75.34,95.24,47.62,80.95,90.48,45,High Performer,9.52
RN0867,75.69,100.0,47.62,66.67,76.19,48,High Performer,9.52
RN0868,25.33,52.38,9.52,23.81,33.33,50,At Risk,9.52
RN0869,59.52,80.95,33.33,80.95,61.9,48,Average,-19.05
RN0870,80.26,100.0,57.14,90.48,95.24,48,High Performer,4.76
RN0871,54.42,90.48,28.57,52.38,33.33,49,Average,-19.05
RN0872,52.58,71.43,23.81,52.38,57.14,48,Average,4.76
RN0873,55.46,76.19,23.81,66.67,47.62,48,Average,-19.05
RN0874,60.04,85.71,38.1,71.43,47.62,46,Average,-23.81
RN0875,55.62,85.71,23.81,66.67,61.9,47,Average,-4.76
RN0876,86.11,100.0,66.67,95.24,95.24,48,Top Performer,0.0
RN0877,62.92,90.48,28.57,57.14,71.43,47,Average,14.29
RN0878,89.67,100.0,57.14,95.24,90.48,47,Top Performer,-4.76
RN0879,64.57,90.48,33.33,80.95,52.38,50,Average,-28.57
RN0880,86.21,100.0,61.9,80.95,90.48,48,Top Performer,9.52
RN0881,90.58,100.0,66.67,100.0,90.48,47,Top Performer,-9.52
RN0882,73.12,95.24,52.38,76.19,52.38,48,High Performer,-23.81
RN0883,38.79,52.38,14.29,42.86,52.38,48,Needs Support,9.52
RN0884,55.33,85.71,33.33,57.14,61.9,50,Average,4.76
RN0885,39.92,66.67,19.05,47.62,38.1,47,Needs Support,-9.52
RN0886,37.51,61.9,14.29,42.86,23.81,49,Needs Support,-19.05
RN0887,71.62,90.48,47.62,85.71,71.43,50,High Performer,-14.29
RN0888,70.54,95.24,38.1,76.19,57.14,48,High Performer,-19.05
RN0889,54.71,76.19,14.29,76.19,52.38,49,Average,-23.81
RN0890,60.84,85.71,38.1,61.9,71.43,49,Average,9.52
RN0891,26.34,52.38,14.29,14.29,33.33,49,At Risk,19.05
RN0892,35.97,61.9,14.29,61.9,42.86,47,Needs Support,-19.05
RN0893,71.02,95.24,38.1,76.19,76.19,47,High Performer,0.0
RN0894,82.24,100.0,57.14,90.48,90.48,48,High Performer,0.0
RN0895,53.74,71.43,33.33,42.86,61.9,49,Average,19.05
RN0896,69.68,95.24,38.1,80.95,47.62,49,Average,-33.33
RN0897,59.23,90.48,38.1,57.14,52.38,48,Average,-4.76
RN0898,85.39,100.0,66.67,95.24,85.71,44,Top Performer,-9.52
RN0899,50.34,76.19,19.05,42.86,52.38,49,Average,9.52
RN0900,73.35,90.48,52.38,90.48,80.95,47,High Performer,-9.52
RN0901,59.01,85.71,38.1,52.38,85.71,46,Average,33.33
RN0902,86.0,100.0,52.38,80.95,85.71,50,Top Performer,4.76
RN0903,87.62,100.0,66.67,100.0,90.48,45,Top Performer,-9.52
RN0904,50.86,80.95,23.81,52.38,42.86,50,Average,-9.52
RN0905,90.17,100.0,71.43,90.48,95.24,46,Top Performer,4.76
RN0906,42.96,71.43,23.81,33.33,42.86,47,Needs Support,9.52
RN0907,62.2,85.71,38.1,80.95,61.9,49,Average,-19.05
RN0908,80.65,100.0,61.9,90.48,76.19,48,High Performer,-14.29
RN0909,76.71,95.24,47.62,85.71,71.43,46,High Performer,-14.29
RN0910,72.11,90.48,52.38,85.71,71.43,49,High Performer,-14.29
RN0911,79.98,100.0,57.14,61.9,71.43,49,High Performer,9.52
RN0912,64.44,85.71,38.1,71.43,76.19,47,Average,4.76
RN0913,36.54,57.14,4.76,38.1,33.33,49,Needs Support,-4.76
RN0914,62.0,90.48,33.33,61.9,76.19,49,Average,14.29
RN0915,54.91,76.19,28.57,76.19,61.9,49,Average,-14.29
RN0916,67.44,90.48,42.86,90.48,85.71,49,Average,-4.76
RN0917,72.89,95.24,47.62,95.24,76.19,49,High Performer,-19.05
RN0918,38.48,66.67,9.52,57.14,33.33,50,Needs Support,-23.81
RN0919,60.25,80.95,38.1,47.62,52.38,49,Average,4.76
RN0920,45.09,71.43,9.52,42.86,38.1,49,Needs Support,-4.76
RN0921,58.23,80.95,38.1,66.67,66.67,48,Average,0.0
RN0922,55.02,80.95,33.33,66.67,52.38,47,Average,-14.29
RN0923,36.98,61.9,14.29,52.38,57.14,47,Needs Support,4.76
RN0924,25.19,38.1,4.76,23.81,23.81,45,At Risk,0.0
RN0925,55.69,76.19,38.1,76.19,52.38,49,Average,-23.81
RN0926,78.93,100.0,52.38,100.0,57.14,47,High Performer,-42.86
RN0927,27.05,57.14,14.29,33.33,23.81,50,At Risk,-9.52
RN0928,86.51,100.0,57.14,95.24,90.48,48,Top Performer,-4.76
RN0929,49.47,71.43,23.81,52.38,38.1,49,Needs Support,-14.29
RN0930,34.76,61.9,14.29,33.33,23.81,50,At Risk,-9.52
RN0931,88.19,100.0,66.67,100.0,90.48,48,Top Performer,-9.52
RN0932,76.38,100.0,57.14,95.24,80.95,49,High Performer,-14.29
RN0933,52.19,85.71,14.29,80.95,47.62,50,Average,-33.33
RN0934,64.67,90.48,23.81,76.19,61.9,50,Average,-14.29
RN0935,50.79,66.67,28.57,57.14,57.14,45,Average,0.0
RN0936,34.48,61.9,19.05,23.81,23.81,50,At Risk,0.0
RN0937,53.05,85.71,23.81,47.62,66.67,50,Average,19.05
RN0938,49.44,71.43,33.33,61.9,57.14,47,Needs Support,-4.76
RN0939,57.54,80.95,33.33,76.19,52.38,48,Average,-23.81
RN0940,27.5,52.38,9.52,9.52,23.81,49,At Risk,14.29
RN0941,23.14,42.86,0.0,28.57,23.81,50,At Risk,-4.76
RN0942,27.31,47.62,4.76,33.33,38.1,49,At Risk,4.76
RN0943,56.29,80.95,33.33,52.38,42.86,50,Average,-9.52
RN0944,91.19,100.0,66.67,100.0,100.0,47,Top Performer,0.0
RN0945,76.19,100.0,47.62,76.19,85.71,49,High Performer,9.52
RN0946,53.33,80.95,28.57,57.14,52.38,45,Average,-4.76
RN0947,74.37,90.48,47.62,76.19,76.19,47,High Performer,0.0
RN0948,73.31,95.24,42.86,85.71,71.43,48,High Performer,-14.29
RN0949,88.59,100.0,52.38,95.24,90.48,48,Top Performer,-4.76
RN0950,47.52,76.19,19.05,47.62,28.57,49,Needs Support,-19.05
RN0951,79.46,100.0,57.14,80.95,76.19,48,High Performer,-4.76
RN0952,50.6,76.19,19.05,42.86,52.38,48,Average,9.52
RN0953,55.88,85.71,28.57,66.67,80.95,49,Average,14.29
RN0954,51.49,80.95,23.81,52.38,61.9,48,Average,9.52
RN0955,62.31,90.48,33.33,61.9,42.86,47,Average,-19.05
RN0956,43.85,66.67,23.81,57.14,42.86,48,Needs Support,-14.29
RN0957,46.24,71.43,23.81,33.33,52.38,45,Needs Support,19.05
RN0958,60.39,80.95,33.33,61.9,61.9,47,Average,0.0
RN0959,86.49,100.0,66.67,100.0,100.0,49,Top Performer,0.0
RN0960,55.95,80.95,33.33,80.95,52.38,48,Average,-28.57
RN0961,60.35,90.48,19.05,66.67,57.14,49,Average,-9.52
RN0962,63.43,76.19,42.86,66.67,61.9,50,Average,-4.76
RN0963,40.86,71.43,19.05,23.81,42.86,50,Needs Support,19.05
RN0964,59.48,80.95,42.86,61.9,66.67,49,Average,4.76
RN0965,52.96,71.43,28.57,71.43,71.43,49,Average,0.0
RN0966,75.1,95.24,42.86,95.24,76.19,48,High Performer,-19.05
RN0967,77.45,95.24,38.1,80.95,71.43,49,High Performer,-9.52
RN0968,71.01,85.71,52.38,71.43,66.67,46,High Performer,-4.76
RN0969,29.08,52.38,4.76,14.29,28.57,47,At Risk,14.29
RN0970,76.88,100.0,57.14,85.71,85.71,48,High Performer,0.0
RN0971,79.23,100.0,57.14,85.71,80.95,47,High Performer,-4.76
RN0972,30.32,52.38,4.76,28.57,19.05,49,At Risk,-9.52
RN0973,29.89,47.62,9.52,19.05,47.62,47,At Risk,28.57
RN0974,37.68,71.43,9.52,42.86,47.62,46,Needs Support,4.76
RN0975,75.61,95.24,42.86,80.95,90.48,49,High Performer,9.52
RN0976,77.74,100.0,57.14,76.19,90.48,46,High Performer,14.29
RN0977,49.01,76.19,23.81,66.67,61.9,48,Needs Support,-4.76
RN0978,73.91,100.0,47.62,90.48,85.71,48,High Performer,-4.76
RN0979,60.42,95.24,33.33,47.62,57.14,48,Average,9.52
RN0980,37.14,61.9,14.29,38.1,38.1,50,Needs Support,0.0
RN0981,53.87,85.71,19.05,66.67,38.1,48,Average,-28.57
RN0982,57.43,85.71,33.33,47.62,47.62,50,Average,0.0
RN0983,45.54,71.43,19.05,38.1,52.38,48,Needs Support,14.29
RN0984,52.0,76.19,28.57,57.14,57.14,50,Average,0.0
RN0985,48.38,71.43,28.57,47.62,33.33,50,Needs Support,-14.29
RN0986,54.52,80.95,33.33,76.19,57.14,49,Average,-19.05
RN0987,53.67,85.71,19.05,61.9,57.14,48,Average,-4.76
RN0988,17.83,52.38,0.0,14.29,9.52,47,At Risk,-4.76
RN0989,89.52,100.0,61.9,95.24,85.71,50,Top Performer,-9.52
RN0990,46.61,71.43,19.05,38.1,38.1,47,Needs Support,0.0
RN0991,25.95,61.9,4.76,42.86,33.33,49,At Risk,-9.52
RN0992,56.07,76.19,14.29,66.67,42.86,49,Average,-23.81
RN0993,87.46,100.0,57.14,90.48,100.0,49,Top Performer,9.52
RN0994,57.64,85.71,28.57,71.43,38.1,48,Average,-33.33
RN0995,78.19,100.0,52.38,85.71,85.71,50,High Performer,0.0
RN0996,26.85,52.38,14.29,42.86,28.57,47,At Risk,-14.29
RN0997,73.12,100.0,52.38,80.95,71.43,48,High Performer,-9.52
RN0998,77.26,95.24,47.62,90.48,85.71,49,High Performer,-4.76
RN0999,51.69,85.71,23.81,66.67,61.9,48,Average,-4.76
RN1000,78.47,95.24,47.62,90.48,90.48,48,High Performer,0.0
RN1001,91.55,100.0,66.67,95.24,100.0,49,Top Performer,4.76
RN1002,50.65,76.19,28.57,47.62,52.38,44,Average,4.76
RN1003,61.05,85.71,38.1,52.38,47.62,50,Average,-4.76
RN1004,79.13,95.24,47.62,80.95,66.67,47,High Performer,-14.29
RN1005,50.53,66.67,28.57,52.38,47.62,49,Average,-4.76
RN1006,73.86,90.48,47.62,76.19,71.43,47,High Performer,-4.76
RN1007,54.27,76.19,23.81,42.86,52.38,48,Average,9.52
RN1008,42.26,61.9,14.29,47.62,28.57,48,Needs Support,-19.05
RN1009,56.13,71.43,38.1,66.67,47.62,47,Average,-19.05
RN1010,91.17,100.0,71.43,95.24,90.48,48,Top Performer,-4.76
RN1011,43.16,71.43,23.81,57.14,47.62,47,Needs Support,-9.52
RN1012,61.52,85.71,42.86,66.67,52.38,49,Average,-14.29
RN1013,66.07,90.48,38.1,76.19,80.95,48,Average,4.76
RN1014,41.11,71.43,19.05,57.14,23.81,49,Needs Support,-33.33
RN1015,73.76,100.0,52.38,90.48,80.95,47,High Performer,-9.52
RN1016,61.2,85.71,38.1,61.9,71.43,47,Average,9.52
RN1017,28.95,57.14,9.52,42.86,57.14,50,At Risk,14.29
RN1018,53.57,80.95,23.81,71.43,66.67,48,Average,-4.76
RN1019,78.04,100.0,52.38,90.48,80.95,49,High Performer,-9.52
RN1020,78.01,95.24,57.14,80.95,80.95,47,High Performer,0.0
RN1021,89.6,100.0,66.67,95.24,95.24,49,Top Performer,0.0
RN1022,43.06,76.19,9.52,47.62,33.33,47,Needs Support,-14.29
RN1023,56.85,85.71,28.57,61.9,66.67,49,Average,4.76
RN1024,73.21,100.0,42.86,85.71,71.43,48,High Performer,-14.29
RN1025,32.38,61.9,14.29,33.33,33.33,50,At Risk,0.0
RN1026,54.96,85.71,33.33,47.62,47.62,48,Average,0.0
RN1027,39.31,61.9,14.29,47.62,47.62,47,Needs Support,0.0
RN1028,46.4,71.43,23.81,61.9,38.1,47,Needs Support,-23.81
RN1029,69.84,100.0,47.62,90.48,100.0,48,Average,9.52
RN1030,73.96,100.0,57.14,76.19,71.43,47,High Performer,-4.76
RN1031,79.98,95.24,47.62,90.48,85.71,49,High Performer,-4.76
RN1032,28.77,47.62,14.29,33.33,47.62,47,At Risk,14.29
RN1033,61.51,80.95,38.1,61.9,61.9,48,Average,0.0
RN1034,54.76,76.19,28.57,76.19,52.38,48,Average,-23.81
RN1035,43.44,71.43,23.81,33.33,42.86,49,Needs Support,9.52
RN1036,75.9,95.24,42.86,66.67,85.71,50,High Performer,19.05
RN1037,61.71,76.19,38.1,61.9,47.62,50,Average,-14.29
RN1038,35.81,61.9,4.76,19.05,23.81,48,Needs Support,4.76
RN1039,67.64,95.24,38.1,66.67,61.9,49,Average,-4.76
RN1040,71.05,95.24,47.62,85.71,80.95,50,High Performer,-4.76
RN1041,26.57,57.14,4.76,14.29,28.57,50,At Risk,14.29
RN1042,36.68,66.67,14.29,28.57,42.86,47,Needs Support,14.29
RN1043,41.95,66.67,14.29,28.57,47.62,47,Needs Support,19.05
RN1044,54.19,95.24,28.57,71.43,57.14,50,Average,-14.29
RN1045,53.55,71.43,19.05,61.9,66.67,49,Average,4.76
RN1046,60.18,80.95,33.33,71.43,71.43,47,Average,0.0
RN1047,59.13,76.19,38.1,66.67,71.43,48,Average,4.76
RN1048,82.92,100.0,57.14,95.24,95.24,46,High Performer,0.0
RN1049,69.25,100.0,42.86,76.19,61.9,46,Average,-14.29
RN1050,57.44,80.95,33.33,61.9,76.19,48,Average,14.29
RN1051,61.9,90.48,38.1,61.9,66.67,48,Average,4.76
RN1052,81.05,95.24,57.14,85.71,85.71,48,High Performer,0.0
RN1053,30.52,57.14,4.76,33.33,33.33,49,At Risk,0.0
RN1054,78.76,95.24,57.14,90.48,71.43,50,High Performer,-19.05
RN1055,74.54,90.48,52.38,90.48,52.38,49,High Performer,-38.1
RN1056,89.43,100.0,66.67,100.0,95.24,50,Top Performer,-4.76
RN1057,34.4,57.14,14.29,47.62,19.05,49,At Risk,-28.57
RN1058,69.29,95.24,19.05,71.43,61.9,49,Average,-9.52
RN1059,42.16,66.67,23.81,38.1,42.86,48,Needs Support,4.76
RN1060,53.71,76.19,19.05,23.81,61.9,50,Average,38.1
RN1061,92.3,100.0,76.19,90.48,95.24,47,Top Performer,4.76
RN1062,64.54,90.48,42.86,71.43,61.9,47,Average,-9.52
RN1063,91.79,100.0,66.67,90.48,95.24,47,Top Performer,4.76
RN1064,86.98,100.0,66.67,85.71,90.48,49,Top Performer,4.76
RN1065,33.43,57.14,14.29,38.1,42.86,48,At Risk,4.76
RN1066,77.33,95.24,57.14,76.19,80.95,46,High Performer,4.76
RN1067,77.18,100.0,42.86,76.19,76.19,48,High Performer,0.0
RN1068,74.02,90.48,47.62,85.71,76.19,46,High Performer,-9.52
RN1069,50.99,76.19,28.57,52.38,47.62,48,Average,-4.76
RN1070,59.09,80.95,33.33,61.9,57.14,44,Average,-4.76
RN1071,90.86,100.0,71.43,85.71,90.48,50,Top Performer,4.76
RN1072,79.86,100.0,52.38,100.0,80.95,48,High Performer,-19.05
RN1073,32.24,52.38,14.29,38.1,23.81,48,At Risk,-14.29
RN1074,79.07,100.0,42.86,76.19,80.95,48,High Performer,4.76
RN1075,61.11,85.71,33.33,71.43,38.1,48,Average,-33.33
RN1076,18.44,38.1,0.0,14.29,28.57,47,At Risk,14.29
RN1077,79.3,100.0,47.62,90.48,85.71,46,High Performer,-4.76
RN1078,62.3,85.71,28.57,61.9,52.38,48,Average,-9.52
RN1079,58.87,80.95,23.81,71.43,57.14,47,Average,-14.29
RN1080,42.13,71.43,19.05,71.43,57.14,46,Needs Support,-14.29
RN1081,56.53,80.95,38.1,66.67,38.1,47,Average,-28.57
RN1082,30.79,52.38,9.52,33.33,38.1,45,At Risk,4.76
RN1083,54.51,80.95,33.33,61.9,71.43,47,Average,9.52
RN1084,78.29,95.24,61.9,80.95,80.95,50,High Performer,0.0
RN1085,74.1,90.48,52.38,80.95,71.43,50,High Performer,-9.52
RN1086,90.86,100.0,61.9,90.48,100.0,49,Top Performer,9.52
RN1087,48.3,66.67,19.05,47.62,47.62,49,Needs Support,0.0
RN1088,57.92,76.19,38.1,76.19,57.14,49,Average,-19.05
RN1089,72.92,90.48,42.86,80.95,61.9,48,High Performer,-19.05
RN1090,40.77,71.43,14.29,42.86,42.86,48,Needs Support,0.0
RN1091,52.17,76.19,28.57,57.14,28.57,46,Average,-28.57
RN1092,81.44,100.0,57.14,95.24,90.48,49,High Performer,-4.76
RN1093,49.47,76.19,33.33,47.62,52.38,49,Needs Support,4.76
RN1094,59.68,80.95,38.1,52.38,76.19,47,Average,23.81
RN1095,74.54,100.0,57.14,66.67,80.95,49,High Performer,14.29
RN1096,76.39,95.24,33.33,80.95,85.71,48,High Performer,4.76
RN1097,55.2,76.19,33.33,66.67,52.38,49,Average,-14.29
RN1098,61.32,85.71,33.33,71.43,61.9,49,Average,-9.52
RN1099,38.29,66.67,19.05,57.14,28.57,49,Needs Support,-28.57
RN1100,80.95,100.0,52.38,71.43,80.95,46,High Performer,9.52
RN1101,31.97,52.38,9.52,42.86,28.57,49,At Risk,-14.29
RN1102,60.87,80.95,28.57,71.43,61.9,46,Average,-9.52
RN1103,58.7,90.48,28.57,61.9,71.43,46,Average,9.52
RN1104,77.58,95.24,52.38,85.71,76.19,48,High Performer,-9.52
RN1105,53.74,80.95,28.57,47.62,52.38,49,Average,4.76
RN1106,87.89,100.0,61.9,100.0,90.48,46,Top Performer,-9.52
RN1107,41.89,66.67,14.29,47.62,47.62,49,Needs Support,0.0
RN1108,67.07,85.71,47.62,76.19,76.19,47,Average,0.0
RN1109,77.58,95.24,57.14,95.24,90.48,48,High Performer,-4.76
RN1110,53.37,90.48,28.57,90.48,52.38,48,Average,-38.1
RN1111,49.66,71.43,28.57,38.1,33.33,49,Needs Support,-4.76
RN1112,89.31,100.0,66.67,100.0,95.24,45,Top Performer,-4.76
RN1113,76.6,100.0,42.86,71.43,90.48,47,High Performer,19.05
RN1114,86.41,100.0,61.9,85.71,90.48,48,Top Performer,4.76
RN1115,71.13,90.48,52.38,90.48,66.67,48,High Performer,-23.81
RN1116,29.35,52.38,14.29,28.57,14.29,49,At Risk,-14.29
RN1117,70.95,95.24,42.86,80.95,71.43,50,High Performer,-9.52
RN1118,56.63,90.48,23.81,61.9,66.67,46,Average,4.76
RN1119,75.88,95.24,47.62,85.71,80.95,46,High Performer,-4.76
RN1120,63.19,95.24,33.33,52.38,57.14,48,Average,4.76
RN1121,73.96,95.24,38.1,71.43,90.48,47,High Performer,19.05
RN1122,56.15,76.19,28.57,57.14,42.86,48,Average,-14.29
RN1123,36.26,66.67,14.29,28.57,33.33,44,Needs Support,4.76
RN1124,75.3,90.48,47.62,90.48,66.67,48,High Performer,-23.81
RN1125,72.11,90.48,52.38,76.19,85.71,49,High Performer,9.52
RN1126,87.84,100.0,66.67,85.71,95.24,47,Top Performer,9.52
RN1127,76.39,100.0,52.38,66.67,71.43,48,High Performer,4.76
RN1128,53.62,76.19,28.57,61.9,47.62,46,Average,-14.29
RN1129,78.12,100.0,52.38,85.71,71.43,47,High Performer,-14.29
RN1130,55.98,80.95,33.33,71.43,71.43,49,Average,0.0
RN1131,86.61,100.0,66.67,95.24,76.19,48,Top Performer,-19.05
RN1132,55.26,76.19,28.57,42.86,61.9,48,Average,19.05
RN1133,74.54,95.24,52.38,85.71,76.19,49,High Performer,-9.52
RN1134,74.6,95.24,57.14,76.19,80.95,48,High Performer,4.76
RN1135,55.81,71.43,33.33,61.9,57.14,50,Average,-4.76
RN1136,54.66,76.19,33.33,61.9,66.67,46,Average,4.76
RN1137,60.06,80.95,38.1,52.38,66.67,49,Average,14.29
RN1138,84.87,100.0,61.9,90.48,100.0,45,High Performer,9.52
RN1139,17.16,33.33,0.0,28.57,14.29,48,At Risk,-14.29
RN1140,81.94,95.24,61.9,90.48,95.24,48,High Performer,4.76
RN1141,67.66,85.71,47.62,52.38,61.9,48,Average,9.52
RN1142,70.75,90.48,42.86,90.48,61.9,49,High Performer,-28.57
RN1143,54.31,76.19,28.57,61.9,61.9,47,Average,0.0
RN1144,62.6,85.71,33.33,33.33,42.86,48,Average,9.52
RN1145,83.52,95.24,57.14,95.24,90.48,50,High Performer,-4.76
RN1146,56.75,80.95,38.1,57.14,52.38,49,Average,-4.76
RN1147,80.86,100.0,57.14,95.24,85.71,49,High Performer,-9.52
RN1148,48.21,76.19,28.57,52.38,47.62,48,Needs Support,-4.76
RN1149,77.08,100.0,52.38,80.95,80.95,48,High Performer,0.0
RN1150,61.3,80.95,38.1,52.38,80.95,47,Average,28.57
RN1151,59.42,90.48,28.57,66.67,66.67,48,Average,0.0
RN1152,53.26,80.95,23.81,38.1,42.86,49,Average,4.76
RN1153,78.72,100.0,52.38,76.19,90.48,47,High Performer,14.29
RN1154,24.2,42.86,9.52,33.33,28.57,49,At Risk,-4.76
RN1155,55.71,85.71,33.33,85.71,66.67,50,Average,-19.05
RN1156,56.95,80.95,33.33,61.9,76.19,49,Average,14.29
RN1157,74.53,100.0,52.38,80.95,85.71,46,High Performer,4.76
RN1158,75.02,90.48,47.62,85.71,71.43,49,High Performer,-14.29
RN1159,61.11,85.71,38.1,80.95,47.62,48,Average,-33.33
RN1160,73.18,95.24,52.38,76.19,80.95,49,High Performer,4.76
RN1161,52.7,76.19,23.81,47.62,71.43,45,Average,23.81
RN1162,32.12,47.62,9.52,42.86,38.1,47,At Risk,-4.76
RN1163,87.76,100.0,71.43,90.48,95.24,49,Top Performer,4.76
RN1164,86.41,100.0,57.14,90.48,76.19,48,Top Performer,-14.29
RN1165,35.18,61.9,9.52,42.86,38.1,49,Needs Support,-4.76
RN1166,72.67,95.24,52.38,85.71,61.9,50,High Performer,-23.81
RN1167,37.4,57.14,4.76,52.38,28.57,48,Needs Support,-23.81
RN1168,67.06,90.48,42.86,76.19,76.19,49,Average,0.0
RN1169,72.36,100.0,42.86,66.67,90.48,46,High Performer,23.81
RN1170,53.9,80.95,33.33,71.43,52.38,50,Average,-19.05
RN1171,56.75,85.71,28.57,42.86,61.9,48,Average,19.05
RN1172,20.19,42.86,9.52,23.81,9.52,50,At Risk,-14.29
RN1173,51.98,76.19,28.57,47.62,61.9,47,Average,14.29
RN1174,52.8,85.71,28.57,42.86,42.86,46,Average,0.0
RN1175,78.72,100.0,47.62,80.95,80.95,49,High Performer,0.0
RN1176,37.47,66.67,19.05,42.86,33.33,46,Needs Support,-9.52
RN1177,59.28,85.71,28.57,66.67,52.38,49,Average,-14.29
RN1178,90.38,100.0,71.43,100.0,85.71,49,Top Performer,-14.29
RN1179,61.13,90.48,38.1,90.48,61.9,49,Average,-28.57
RN1180,56.94,80.95,33.33,57.14,61.9,48,Average,4.76
RN1181,89.46,100.0,57.14,95.24,95.24,47,Top Performer,0.0
RN1182,55.3,76.19,28.57,66.67,57.14,49,Average,-9.52
RN1183,87.0,100.0,61.9,80.95,90.48,48,Top Performer,9.52
RN1184,78.27,100.0,52.38,100.0,80.95,48,High Performer,-19.05
RN1185,92.38,100.0,71.43,100.0,100.0,45,Top Performer,0.0
RN1186,52.78,80.95,14.29,61.9,57.14,48,Average,-4.76
RN1187,74.15,90.48,38.1,85.71,71.43,49,High Performer,-14.29
RN1188,83.04,100.0,47.62,80.95,90.48,48,High Performer,9.52
RN1189,77.0,95.24,61.9,85.71,80.95,47,High Performer,-4.76
RN1190,69.57,90.48,42.86,66.67,80.95,46,Average,14.29
RN1191,31.1,57.14,9.52,28.57,38.1,49,At Risk,9.52
RN1192,82.78,100.0,57.14,85.71,80.95,47,High Performer,-4.76
RN1193,61.39,85.71,38.1,80.95,66.67,46,Average,-14.29
RN1194,31.75,57.14,14.29,28.57,19.05,48,At Risk,-9.52
RN1195,35.05,61.9,9.52,42.86,57.14,50,Needs Support,14.29
RN1196,73.96,100.0,42.86,80.95,80.95,49,High Performer,0.0
RN1197,58.0,80.95,38.1,57.14,61.9,50,Average,4.76
RN1198,61.9,85.71,38.1,66.67,61.9,47,Average,-4.76
RN1199,74.93,100.0,47.62,80.95,90.48,49,High Performer,9.52
RN1200,27.85,71.43,9.52,42.86,42.86,46,At Risk,0.0
RN1201,85.19,100.0,57.14,100.0,90.48,45,Top Performer,-9.52
RN1202,35.67,61.9,14.29,38.1,33.33,49,Needs Support,-4.76
RN1203,73.28,95.24,42.86,66.67,80.95,49,High Performer,14.29
RN1204,59.88,80.95,33.33,80.95,61.9,47,Average,-19.05
RN1205,87.95,100.0,61.9,100.0,85.71,49,Top Performer,-14.29
RN1206,69.29,90.48,42.86,80.95,66.67,49,Average,-14.29
RN1207,29.15,47.62,9.52,33.33,9.52,49,At Risk,-23.81
RN1208,55.3,76.19,33.33,61.9,66.67,49,Average,4.76
RN1209,59.27,80.95,33.33,38.1,57.14,47,Average,19.05
RN1210,59.9,80.95,38.1,71.43,61.9,50,Average,-9.52
RN1211,77.0,100.0,52.38,80.95,95.24,47,High Performer,14.29
RN1212,78.04,100.0,52.38,95.24,85.71,49,High Performer,-9.52
RN1213,84.45,100.0,61.9,100.0,90.48,49,High Performer,-9.52
RN1214,73.12,95.24,42.86,66.67,71.43,48,High Performer,4.76
RN1215,71.12,90.48,38.1,76.19,66.67,46,High Performer,-9.52
RN1216,83.87,100.0,57.14,90.48,95.24,49,High Performer,4.76
RN1217,68.84,90.48,52.38,80.95,76.19,46,Average,-4.76
RN1218,79.74,100.0,52.38,76.19,76.19,47,High Performer,0.0
RN1219,74.15,90.48,42.86,66.67,85.71,49,High Performer,19.05
RN1220,74.4,90.48,52.38,85.71,80.95,48,High Performer,-4.76
RN1221,55.06,80.95,23.81,57.14,71.43,48,Average,14.29
RN1222,74.87,95.24,57.14,80.95,57.14,47,High Performer,-23.81
RN1223,55.16,85.71,28.57,71.43,52.38,48,Average,-19.05
RN1224,73.35,100.0,47.62,71.43,85.71,47,High Performer,14.29
RN1225,74.29,95.24,47.62,90.48,80.95,45,High Performer,-9.52
RN1226,87.74,100.0,71.43,95.24,95.24,47,Top Performer,0.0
RN1227,65.31,90.48,42.86,66.67,80.95,49,Average,14.29
RN1228,68.32,95.24,47.62,76.19,76.19,49,Average,0.0
RN1229,76.8,95.24,47.62,85.71,90.48,47,High Performer,4.76
RN1230,61.22,85.71,33.33,66.67,61.9,49,Average,-4.76
RN1231,77.94,90.48,61.9,85.71,80.95,49,High Performer,-4.76
RN1232,72.95,95.24,52.38,76.19,66.67,47,High Performer,-9.52
RN1233,16.07,33.33,0.0,19.05,23.81,48,At Risk,4.76
RN1234,60.91,85.71,42.86,71.43,71.43,43,Average,0.0
RN1235,75.0,95.24,42.86,80.95,71.43,48,High Performer,-9.52
RN1236,44.41,66.67,19.05,38.1,38.1,46,Needs Support,0.0
RN1237,60.32,80.95,28.57,66.67,61.9,48,Average,-4.76
RN1238,89.52,100.0,61.9,95.24,95.24,50,Top Performer,0.0
RN1239,58.7,80.95,38.1,71.43,42.86,46,Average,-28.57
RN1240,75.08,100.0,57.14,71.43,76.19,47,High Performer,4.76
RN1241,51.31,76.19,28.57,42.86,33.33,49,Average,-9.52
RN1242,78.29,100.0,38.1,66.67,71.43,50,High Performer,4.76
RN1243,59.62,80.95,38.1,71.43,61.9,50,Average,-9.52
RN1244,74.73,90.48,52.38,80.95,76.19,49,High Performer,-4.76
RN1245,61.59,85.71,33.33,61.9,57.14,46,Average,-4.76
RN1246,57.24,85.71,28.57,61.9,66.67,49,Average,4.76
RN1247,67.18,95.24,42.86,71.43,71.43,46,Average,0.0
RN1248,51.69,76.19,33.33,38.1,47.62,48,Average,9.52
RN1249,32.73,52.38,14.29,52.38,23.81,47,At Risk,-28.57
RN1250,78.0,95.24,61.9,85.71,85.71,50,High Performer,0.0
RN1251,38.7,66.67,19.05,33.33,42.86,47,Needs Support,9.52
RN1252,51.87,71.43,33.33,61.9,47.62,47,Average,-14.29
RN1253,59.09,80.95,33.33,52.38,47.62,49,Average,-4.76
RN1254,71.04,95.24,42.86,66.67,80.95,49,High Performer,14.29
RN1255,52.38,80.95,19.05,71.43,66.67,50,Average,-4.76
RN1256,37.7,66.67,14.29,33.33,33.33,48,Needs Support,0.0
RN1257,24.68,42.86,0.0,19.05,14.29,49,At Risk,-4.76
RN1258,73.76,100.0,42.86,85.71,76.19,49,High Performer,-9.52
RN1259,22.32,52.38,4.76,28.57,33.33,48,At Risk,4.76
RN1260,76.3,100.0,47.62,76.19,80.95,45,High Performer,4.76
RN1261,36.38,76.19,9.52,76.19,42.86,50,Needs Support,-33.33
RN1262,36.58,71.43,14.29,47.62,38.1,47,Needs Support,-9.52
RN1263,45.29,76.19,9.52,47.62,38.1,49,Needs Support,-9.52
RN1264,37.8,57.14,14.29,28.57,19.05,49,Needs Support,-9.52
RN1265,69.6,95.24,47.62,90.48,71.43,47,Average,-19.05
RN1266,39.55,71.43,19.05,42.86,47.62,49,Needs Support,4.76
RN1267,78.81,100.0,52.38,100.0,76.19,49,High Performer,-23.81
RN1268,47.42,71.43,19.05,66.67,47.62,48,Needs Support,-19.05
RN1269,46.43,76.19,23.81,47.62,33.33,48,Needs Support,-14.29
RN1270,53.39,85.71,23.81,52.38,57.14,47,Average,4.76
RN1271,91.19,100.0,66.67,95.24,90.48,47,Top Performer,-4.76
RN1272,54.29,80.95,33.33,80.95,57.14,45,Average,-23.81
RN1273,68.32,100.0,38.1,57.14,80.95,49,Average,23.81
RN1274,57.34,90.48,23.81,47.62,57.14,48,Average,9.52
RN1275,85.62,100.0,57.14,80.95,90.48,49,Top Performer,9.52
RN1276,58.79,85.71,28.57,85.71,61.9,49,Average,-23.81
RN1277,88.67,100.0,66.67,80.95,85.71,50,Top Performer,4.76
RN1278,53.77,90.48,33.33,76.19,33.33,48,Average,-42.86
RN1279,74.15,90.48,57.14,80.95,71.43,49,High Performer,-9.52
RN1280,26.14,52.38,9.52,19.05,23.81,49,At Risk,4.76
RN1281,77.43,100.0,52.38,90.48,90.48,50,High Performer,0.0
RN1282,90.1,100.0,66.67,100.0,90.48,50,Top Performer,-9.52
RN1283,74.19,100.0,38.1,76.19,76.19,50,High Performer,0.0
RN1284,79.33,95.24,61.9,85.71,80.95,47,High Performer,-4.76
RN1285,37.7,71.43,14.29,42.86,33.33,48,Needs Support,-9.52
RN1286,52.88,71.43,28.57,42.86,52.38,48,Average,9.52
RN1287,91.37,100.0,71.43,100.0,100.0,48,Top Performer,0.0
RN1288,47.05,76.19,19.05,42.86,47.62,50,Needs Support,4.76
RN1289,36.54,61.9,9.52,42.86,47.62,49,Needs Support,4.76
RN1290,77.94,95.24,57.14,90.48,80.95,49,High Performer,-9.52
RN1291,58.48,85.71,23.81,76.19,42.86,50,Average,-33.33
RN1292,75.16,95.24,47.62,95.24,66.67,46,High Performer,-28.57
RN1293,55.0,80.95,33.33,47.62,33.33,49,Average,-14.29
RN1294,72.52,95.24,52.38,71.43,95.24,48,High Performer,23.81
RN1295,72.98,100.0,42.86,71.43,80.95,49,High Performer,9.52
RN1296,50.0,71.43,23.81,52.38,52.38,48,Average,0.0
RN1297,52.88,76.19,23.81,57.14,42.86,48,Average,-14.29
RN1298,74.8,95.24,47.62,80.95,66.67,48,High Performer,-14.29
RN1299,74.67,95.24,52.38,80.95,80.95,47,High Performer,0.0
RN1300,90.48,100.0,71.43,95.24,100.0,47,Top Performer,4.76
RN1301,55.95,80.95,28.57,80.95,42.86,48,Average,-38.1
RN1302,86.48,100.0,61.9,95.24,90.48,50,Top Performer,-4.76
RN1303,62.72,85.71,42.86,85.71,61.9,47,Average,-23.81
RN1304,37.1,71.43,9.52,19.05,33.33,48,Needs Support,14.29
RN1305,75.69,95.24,38.1,85.71,76.19,48,High Performer,-9.52
RN1306,61.18,85.71,33.33,76.19,57.14,46,Average,-19.05
RN1307,52.58,80.95,14.29,57.14,52.38,48,Average,-4.76
RN1308,30.22,57.14,4.76,38.1,38.1,49,At Risk,0.0
RN1309,86.93,100.0,61.9,90.48,95.24,47,Top Performer,4.76
RN1310,50.41,71.43,28.57,57.14,57.14,46,Average,0.0
RN1311,56.85,85.71,33.33,57.14,52.38,48,Average,-4.76
RN1312,85.71,100.0,66.67,90.48,80.95,49,Top Performer,-9.52
RN1313,78.23,95.24,52.38,80.95,71.43,49,High Performer,-9.52
RN1314,78.43,100.0,52.38,80.95,85.71,49,High Performer,4.76
RN1315,53.83,85.71,23.81,61.9,57.14,46,Average,-4.76
RN1316,38.19,61.9,4.76,52.38,52.38,48,Needs Support,0.0
RN1317,72.22,95.24,38.1,66.67,66.67,48,High Performer,0.0
RN1318,25.5,47.62,4.76,9.52,33.33,48,At Risk,23.81
RN1319,87.2,100.0,66.67,90.48,80.95,48,Top Performer,-9.52
RN1320,71.75,85.71,52.38,66.67,76.19,45,High Performer,9.52
RN1321,31.58,52.38,14.29,47.62,33.33,49,At Risk,-14.29
RN1322,86.2,100.0,52.38,100.0,85.71,49,Top Performer,-14.29
RN1323,74.57,95.24,33.33,76.19,66.67,50,High Performer,-9.52
RN1324,72.1,95.24,42.86,71.43,76.19,50,High Performer,4.76
RN1325,78.19,95.24,47.62,80.95,85.71,50,High Performer,4.76
RN1326,75.58,95.24,52.38,71.43,85.71,47,High Performer,14.29
RN1327,88.44,100.0,71.43,90.48,90.48,49,Top Performer,0.0
RN1328,88.38,100.0,66.67,100.0,95.24,50,Top Performer,-4.76
RN1329,50.5,76.19,19.05,66.67,66.67,48,Average,0.0
RN1330,51.12,80.95,28.57,42.86,47.62,49,Average,4.76
RN1331,55.85,76.19,28.57,57.14,47.62,48,Average,-9.52
RN1332,71.02,90.48,42.86,66.67,76.19,47,High Performer,9.52
RN1333,74.6,100.0,47.62,76.19,57.14,48,High Performer,-19.05
RN1334,77.28,100.0,52.38,71.43,66.67,48,High Performer,-4.76
RN1335,91.55,100.0,66.67,95.24,100.0,49,Top Performer,4.76
RN1336,53.62,80.95,28.57,52.38,52.38,50,Average,0.0
RN1337,26.71,47.62,9.52,23.81,28.57,46,At Risk,4.76
RN1338,23.4,42.86,9.52,33.33,33.33,47,At Risk,0.0
RN1339,36.15,66.67,9.52,38.1,28.57,49,Needs Support,-9.52
RN1340,46.94,66.67,28.57,52.38,47.62,49,Needs Support,-4.76
RN1341,86.9,100.0,61.9,90.48,95.24,48,Top Performer,4.76
RN1342,75.9,95.24,42.86,76.19,76.19,49,High Performer,0.0
RN1343,76.48,95.24,57.14,80.95,71.43,50,High Performer,-9.52
RN1344,60.52,85.71,42.86,71.43,52.38,48,Average,-19.05
RN1345,79.9,95.24,52.38,90.48,90.48,50,High Performer,0.0
RN1346,56.95,90.48,19.05,57.14,61.9,49,Average,4.76
RN1347,74.86,95.24,47.62,85.71,90.48,50,High Performer,4.76
RN1348,57.34,80.95,33.33,71.43,76.19,48,Average,4.76
RN1349,92.55,100.0,76.19,95.24,100.0,46,Top Performer,4.76
RN1350,87.46,100.0,61.9,90.48,95.24,49,Top Performer,4.76
RN1351,61.7,85.71,38.1,71.43,57.14,47,Average,-14.29
RN1352,81.62,100.0,57.14,95.24,100.0,50,High Performer,4.76
RN1353,90.48,100.0,71.43,100.0,80.95,47,Top Performer,-19.05
RN1354,69.78,95.24,42.86,90.48,61.9,49,Average,-28.57
RN1355,41.81,66.67,19.05,47.62,52.38,50,Needs Support,4.76
RN1356,75.79,95.24,57.14,85.71,90.48,48,High Performer,4.76
RN1357,48.12,76.19,23.81,61.9,57.14,48,Needs Support,-4.76
RN1358,72.3,90.48,38.1,90.48,76.19,49,High Performer,-14.29
RN1359,54.91,85.71,28.57,61.9,57.14,49,Average,-4.76
RN1360,48.63,71.43,23.81,52.38,52.38,47,Needs Support,0.0
RN1361,79.76,95.24,61.9,80.95,85.71,48,High Performer,4.76
RN1362,74.87,95.24,52.38,80.95,80.95,47,High Performer,0.0
RN1363,30.5,57.14,4.76,57.14,23.81,47,At Risk,-33.33
RN1364,52.28,76.19,28.57,76.19,61.9,48,Average,-14.29
RN1365,76.19,95.24,52.38,61.9,71.43,48,High Performer,9.52
RN1366,30.7,52.38,9.52,38.1,33.33,47,At Risk,-4.76
RN1367,46.65,61.9,14.29,61.9,47.62,49,Needs Support,-14.29
RN1368,57.64,76.19,33.33,61.9,66.67,48,Average,4.76
RN1369,57.24,85.71,23.81,76.19,33.33,49,Average,-42.86
RN1370,62.3,80.95,33.33,61.9,52.38,48,Average,-9.52
RN1371,62.19,90.48,42.86,71.43,66.67,50,Average,-4.76
RN1372,57.24,80.95,38.1,42.86,61.9,48,Average,19.05
RN1373,42.36,71.43,9.52,61.9,28.57,48,Needs Support,-33.33
RN1374,55.81,85.71,28.57,28.57,61.9,50,Average,33.33
RN1375,87.5,100.0,66.67,90.48,90.48,48,Top Performer,0.0
RN1376,54.45,76.19,23.81,61.9,42.86,46,Average,-19.05
RN1377,74.47,90.48,47.62,80.95,80.95,47,High Performer,0.0
RN1378,76.79,95.24,42.86,90.48,85.71,48,High Performer,-4.76
RN1379,60.81,85.71,33.33,61.9,61.9,48,Average,0.0
RN1380,75.99,95.24,52.38,90.48,76.19,48,High Performer,-14.29
RN1381,59.18,80.95,33.33,66.67,66.67,49,Average,0.0
RN1382,74.37,95.24,52.38,85.71,76.19,47,High Performer,-9.52
RN1383,52.96,80.95,19.05,47.62,66.67,49,Average,19.05
RN1384,52.06,85.71,23.81,47.62,52.38,45,Average,4.76
RN1385,51.85,66.67,33.33,61.9,38.1,45,Average,-23.81
RN1386,77.52,100.0,61.9,71.43,76.19,50,High Performer,4.76
RN1387,60.59,80.95,33.33,57.14,66.67,47,Average,9.52
RN1388,91.08,100.0,71.43,100.0,100.0,47,Top Performer,0.0
RN1389,49.33,80.95,28.57,66.67,57.14,50,Needs Support,-9.52
RN1390,40.43,66.67,14.29,47.62,57.14,49,Needs Support,9.52
RN1391,64.92,95.24,38.1,66.67,47.62,49,Average,-19.05
RN1392,64.58,95.24,42.86,85.71,61.9,48,Average,-23.81
RN1393,40.0,80.95,14.29,52.38,66.67,50,Needs Support,14.29
RN1394,69.64,95.24,33.33,80.95,66.67,48,Average,-14.29
RN1395,56.17,85.71,33.33,47.62,47.62,49,Average,0.0
RN1396,79.4,100.0,57.14,71.43,57.14,46,High Performer,-14.29
RN1397,89.65,100.0,71.43,100.0,90.48,46,Top Performer,-9.52
RN1398,92.13,100.0,76.19,90.48,100.0,49,Top Performer,9.52
RN1399,56.85,80.95,28.57,38.1,52.38,48,Average,14.29
RN1400,55.9,80.95,33.33,57.14,66.67,46,Average,9.52
RN1401,69.54,95.24,47.62,76.19,66.67,48,Average,-9.52
RN1402,47.51,66.67,19.05,57.14,57.14,45,Needs Support,0.0
RN1403,69.0,85.71,47.62,66.67,61.9,49,Average,-4.76
RN1404,60.08,85.71,38.1,61.9,85.71,47,Average,23.81
RN1405,28.77,52.38,9.52,23.81,23.81,48,At Risk,0.0
RN1406,53.16,71.43,23.81,61.9,38.1,49,Average,-23.81
RN1407,57.99,90.48,38.1,57.14,61.9,45,Average,4.76
RN1408,64.33,95.24,38.1,61.9,66.67,49,Average,4.76
RN1409,71.91,95.24,42.86,76.19,80.95,49,High Performer,4.76
RN1410,59.38,90.48,38.1,71.43,57.14,49,Average,-14.29
RN1411,57.54,85.71,33.33,66.67,61.9,48,Average,-4.76
RN1412,34.0,61.9,14.29,47.62,47.62,50,At Risk,0.0
RN1413,56.13,85.71,28.57,57.14,57.14,47,Average,0.0
RN1414,28.57,57.14,4.76,38.1,23.81,50,At Risk,-14.29
RN1415,56.27,80.95,28.57,61.9,47.62,49,Average,-14.29
RN1416,49.66,71.43,23.81,42.86,61.9,49,Needs Support,19.05
RN1417,55.98,80.95,28.57,47.62,52.38,49,Average,4.76
RN1418,71.53,95.24,52.38,61.9,71.43,48,High Performer,9.52
RN1419,69.97,85.71,52.38,76.19,71.43,49,Average,-4.76
RN1420,77.94,100.0,38.1,61.9,76.19,49,High Performer,14.29
RN1421,56.64,85.71,28.57,80.95,57.14,47,Average,-23.81
RN1422,62.11,80.95,38.1,80.95,61.9,47,Average,-19.05
RN1423,76.88,100.0,57.14,95.24,80.95,48,High Performer,-14.29
RN1424,79.47,100.0,52.38,76.19,76.19,45,High Performer,0.0
RN1425,42.96,61.9,14.29,47.62,47.62,48,Needs Support,0.0
RN1426,39.75,61.9,14.29,52.38,52.38,49,Needs Support,0.0
RN1427,42.46,66.67,19.05,38.1,33.33,48,Needs Support,-4.76
RN1428,56.86,85.71,33.33,61.9,57.14,50,Average,-4.76
RN1429,35.43,52.38,14.29,52.38,47.62,50,Needs Support,-4.76
RN1430,82.47,100.0,57.14,100.0,95.24,47,High Performer,-4.76
RN1431,86.39,100.0,61.9,95.24,85.71,49,Top Performer,-9.52
RN1432,87.5,100.0,66.67,95.24,90.48,48,Top Performer,-4.76
RN1433,33.13,57.14,14.29,19.05,38.1,47,At Risk,19.05
RN1434,79.13,95.24,57.14,85.71,80.95,47,High Performer,-4.76
RN1435,62.3,90.48,38.1,90.48,66.67,48,Average,-23.81
RN1436,59.27,80.95,28.57,57.14,57.14,47,Average,0.0
RN1437,70.14,90.48,38.1,80.95,76.19,48,High Performer,-4.76
RN1438,78.67,95.24,52.38,95.24,95.24,48,High Performer,0.0
RN1439,80.19,95.24,42.86,90.48,95.24,50,High Performer,4.76
RN1440,47.24,71.43,19.05,71.43,47.62,50,Needs Support,-23.81
RN1441,39.48,71.43,19.05,23.81,71.43,48,Needs Support,47.62
RN1442,68.84,90.48,38.1,85.71,66.67,46,Average,-19.05
RN1443,35.91,57.14,19.05,38.1,23.81,48,Needs Support,-14.29
RN1444,55.26,80.95,33.33,57.14,66.67,48,Average,9.52
RN1445,27.36,57.14,9.52,28.57,14.29,47,At Risk,-14.29
RN1446,38.68,66.67,9.52,33.33,47.62,49,Needs Support,14.29
RN1447,36.01,57.14,19.05,38.1,47.62,48,Needs Support,9.52
RN1448,49.05,85.71,23.81,28.57,28.57,50,Needs Support,0.0
RN1449,30.19,52.38,4.76,47.62,23.81,50,At Risk,-23.81
RN1450,75.18,90.48,57.14,66.67,85.71,47,High Performer,19.05
RN1451,58.21,85.71,38.1,66.67,47.62,49,Average,-19.05
RN1452,40.77,61.9,14.29,52.38,52.38,48,Needs Support,0.0
RN1453,19.67,38.1,4.76,4.76,14.29,46,At Risk,9.52
RN1454,28.27,52.38,4.76,33.33,23.81,47,At Risk,-9.52
RN1455,77.24,95.24,47.62,85.71,80.95,50,High Performer,-4.76
RN1456,28.67,52.38,9.52,42.86,28.57,49,At Risk,-14.29
RN1457,78.67,100.0,57.14,85.71,95.24,48,High Performer,9.52
RN1458,75.89,95.24,52.38,80.95,90.48,47,High Performer,9.52
RN1459,91.84,100.0,61.9,100.0,95.24,49,Top Performer,-4.76
RN1460,67.68,90.48,38.1,85.71,61.9,47,Average,-23.81
RN1461,53.7,76.19,33.33,47.62,61.9,47,Average,14.29
RN1462,73.66,100.0,47.62,71.43,100.0,49,High Performer,28.57
RN1463,43.07,76.19,19.05,33.33,33.33,45,Needs Support,0.0
RN1464,75.89,95.24,52.38,76.19,80.95,47,High Performer,4.76
RN1465,70.85,90.48,42.86,76.19,71.43,49,High Performer,-4.76
RN1466,86.39,100.0,57.14,90.48,90.48,49,Top Performer,0.0
RN1467,76.76,95.24,61.9,85.71,80.95,50,High Performer,-4.76
RN1468,87.58,100.0,66.67,95.24,71.43,46,Top Performer,-23.81
RN1469,39.09,57.14,14.29,33.33,47.62,48,Needs Support,14.29
RN1470,55.98,85.71,38.1,47.62,57.14,49,Average,9.52
RN1471,73.66,95.24,52.38,85.71,71.43,47,High Performer,-14.29
RN1472,75.9,100.0,47.62,95.24,80.95,49,High Performer,-14.29
RN1473,91.81,100.0,66.67,100.0,100.0,50,Top Performer,0.0
RN1474,26.53,52.38,4.76,42.86,33.33,49,At Risk,-9.52
RN1475,87.14,100.0,71.43,90.48,95.24,50,Top Performer,4.76
RN1476,46.45,71.43,14.29,61.9,42.86,49,Needs Support,-19.05
RN1477,54.1,80.95,28.57,61.9,52.38,50,Average,-9.52
RN1478,62.1,80.95,33.33,71.43,76.19,48,Average,4.76
RN1479,66.38,90.48,33.33,71.43,71.43,49,Average,0.0
RN1480,63.24,80.95,38.1,52.38,61.9,50,Average,9.52
RN1481,74.93,95.24,42.86,85.71,85.71,49,High Performer,0.0
RN1482,59.71,80.95,23.81,61.9,61.9,50,Average,0.0
RN1483,59.21,85.71,33.33,61.9,57.14,46,Average,-4.76
RN1484,50.48,85.71,19.05,52.38,33.33,50,Average,-19.05
RN1485,35.96,66.67,9.52,33.33,33.33,49,Needs Support,0.0
RN1486,40.77,66.67,19.05,42.86,42.86,48,Needs Support,0.0
RN1487,63.05,85.71,33.33,85.71,57.14,50,Average,-28.57
RN1488,61.31,85.71,38.1,47.62,57.14,48,Average,9.52
RN1489,28.25,61.9,14.29,28.57,19.05,45,At Risk,-9.52
RN1490,89.24,100.0,66.67,95.24,100.0,50,Top Performer,4.76
RN1491,73.18,95.24,47.62,90.48,71.43,49,High Performer,-19.05
RN1492,79.23,100.0,57.14,76.19,90.48,47,High Performer,14.29
RN1493,69.78,95.24,38.1,61.9,76.19,49,Average,14.29
RN1494,45.48,66.67,14.29,61.9,33.33,49,Needs Support,-28.57
RN1495,41.87,76.19,19.05,38.1,38.1,48,Needs Support,0.0
RN1496,69.71,95.24,52.38,90.48,66.67,50,Average,-23.81
RN1497,36.61,57.14,14.29,42.86,42.86,48,Needs Support,0.0
RN1498,55.65,80.95,33.33,66.67,52.38,48,Average,-14.29
RN1499,36.9,52.38,19.05,33.33,42.86,48,Needs Support,9.52
RN1500,56.29,80.95,38.1,80.95,52.38,50,Average,-28.57
RN1501,54.37,71.43,28.57,61.9,47.62,48,Average,-14.29
RN1502,78.62,100.0,52.38,71.43,76.19,45,High Performer,4.76
RN1503,78.17,100.0,52.38,100.0,80.95,48,High Performer,-19.05
RN1504,82.54,100.0,57.14,100.0,76.19,48,High Performer,-23.81
RN1505,42.1,71.43,9.52,66.67,33.33,50,Needs Support,-33.33
RN1506,65.01,90.48,33.33,57.14,66.67,46,Average,9.52
RN1507,91.74,100.0,71.43,100.0,95.24,49,Top Performer,-4.76
RN1508,78.47,100.0,57.14,76.19,95.24,48,High Performer,19.05
RN1509,52.48,80.95,28.57,42.86,71.43,50,Average,28.57
RN1510,62.39,85.71,38.1,66.67,52.38,49,Average,-14.29
RN1511,30.29,57.14,4.76,57.14,23.81,50,At Risk,-33.33
RN1512,48.41,71.43,28.57,52.38,38.1,48,Needs Support,-14.29
RN1513,31.22,66.67,0.0,33.33,28.57,45,At Risk,-4.76
RN1514,56.11,80.95,38.1,66.67,61.9,46,Average,-4.76
RN1515,85.11,100.0,61.9,95.24,90.48,47,Top Performer,-4.76
RN1516,51.55,76.19,23.81,42.86,47.62,46,Average,4.76
RN1517,90.76,100.0,66.67,100.0,95.24,50,Top Performer,-4.76
RN1518,48.43,80.95,23.81,33.33,38.1,47,Needs Support,4.76
RN1519,56.05,95.24,28.57,57.14,52.38,48,Average,-4.76
RN1520,72.67,95.24,42.86,90.48,66.67,50,High Performer,-23.81
RN1521,91.24,100.0,71.43,90.48,90.48,50,Top Performer,0.0
RN1522,73.71,95.24,42.86,76.19,80.95,46,High Performer,4.76
RN1523,72.57,95.24,47.62,57.14,76.19,50,High Performer,19.05
RN1524,61.9,80.95,38.1,71.43,61.9,49,Average,-9.52
RN1525,45.87,71.43,19.05,47.62,42.86,49,Needs Support,-4.76
RN1526,34.13,66.67,14.29,23.81,38.1,48,At Risk,14.29
RN1527,79.86,100.0,52.38,76.19,80.95,48,High Performer,4.76
RN1528,77.98,100.0,52.38,90.48,85.71,48,High Performer,-4.76
RN1529,74.21,95.24,47.62,71.43,85.71,48,High Performer,14.29
RN1530,88.25,100.0,57.14,100.0,90.48,47,Top Performer,-9.52
RN1531,56.63,80.95,38.1,61.9,47.62,46,Average,-14.29
RN1532,59.33,80.95,33.33,76.19,52.38,50,Average,-23.81
RN1533,79.43,100.0,57.14,80.95,80.95,47,High Performer,0.0
RN1534,57.95,76.19,33.33,66.67,71.43,47,Average,4.76
RN1535,38.39,57.14,14.29,38.1,19.05,49,Needs Support,-19.05
RN1536,71.63,90.48,33.33,85.71,80.95,48,High Performer,-4.76
RN1537,32.04,57.14,9.52,28.57,9.52,48,At Risk,-19.05
RN1538,62.1,85.71,28.57,57.14,47.62,50,Average,-9.52
RN1539,60.93,80.95,38.1,66.67,52.38,49,Average,-14.29
RN1540,73.96,95.24,42.86,95.24,71.43,49,High Performer,-23.81
RN1541,55.36,90.48,19.05,66.67,61.9,48,Average,-4.76
RN1542,60.95,80.95,28.57,80.95,61.9,50,Average,-19.05
RN1543,15.35,42.86,0.0,19.05,14.29,49,At Risk,-4.76
RN1544,54.37,76.19,33.33,57.14,57.14,48,Average,0.0
RN1545,17.81,33.33,0.0,14.29,14.29,50,At Risk,0.0
RN1546,22.62,47.62,4.76,33.33,9.52,48,At Risk,-23.81
RN1547,77.18,100.0,52.38,80.95,71.43,48,High Performer,-9.52
RN1548,73.21,100.0,52.38,71.43,90.48,48,High Performer,19.05
RN1549,52.08,90.48,23.81,47.62,52.38,47,Average,4.76
RN1550,73.81,95.24,52.38,80.95,76.19,44,High Performer,-4.76
RN1551,62.0,80.95,23.81,76.19,47.62,49,Average,-28.57
RN1552,82.24,100.0,52.38,90.48,95.24,48,High Performer,4.76
RN1553,49.66,76.19,28.57,66.67,47.62,49,Needs Support,-19.05
RN1554,78.87,100.0,47.62,100.0,85.71,48,High Performer,-14.29
RN1555,87.46,100.0,71.43,100.0,90.48,49,Top Performer,-9.52
RN1556,54.31,80.95,38.1,61.9,61.9,47,Average,0.0
RN1557,46.45,71.43,14.29,66.67,42.86,49,Needs Support,-23.81
RN1558,78.43,95.24,47.62,85.71,71.43,49,High Performer,-14.29
RN1559,47.41,66.67,23.81,42.86,66.67,45,Needs Support,23.81
RN1560,29.71,71.43,4.76,19.05,28.57,50,At Risk,9.52
RN1561,47.91,76.19,23.81,47.62,47.62,49,Needs Support,0.0
RN1562,78.47,100.0,52.38,90.48,76.19,48,High Performer,-14.29
RN1563,81.15,100.0,57.14,95.24,90.48,49,High Performer,-4.76
RN1564,73.02,95.24,47.62,85.71,80.95,48,High Performer,-4.76
RN1565,37.8,57.14,9.52,47.62,57.14,48,Needs Support,9.52
RN1566,77.64,100.0,52.38,90.48,90.48,46,High Performer,0.0
RN1567,59.37,76.19,33.33,71.43,61.9,47,Average,-9.52
RN1568,79.37,100.0,47.62,90.48,80.95,48,High Performer,-9.52
RN1569,79.17,100.0,47.62,90.48,85.71,48,High Performer,-4.76
RN1570,88.59,100.0,66.67,85.71,85.71,48,Top Performer,0.0
RN1571,36.05,61.9,14.29,38.1,33.33,49,Needs Support,-4.76
RN1572,57.24,95.24,38.1,57.14,66.67,49,Average,9.52
RN1573,68.75,95.24,42.86,61.9,52.38,48,Average,-9.52
RN1574,63.49,90.48,33.33,71.43,61.9,48,Average,-9.52
RN1575,55.19,76.19,33.33,66.67,66.67,44,Average,0.0
RN1576,28.28,52.38,4.76,47.62,23.81,49,At Risk,-23.81
RN1577,55.71,80.95,38.1,61.9,52.38,50,Average,-9.52
RN1578,91.27,100.0,76.19,95.24,100.0,48,Top Performer,4.76
RN1579,91.84,100.0,76.19,85.71,95.24,49,Top Performer,9.52
RN1580,62.76,90.48,42.86,52.38,71.43,50,Average,19.05
RN1581,88.34,100.0,66.67,76.19,90.48,49,Top Performer,14.29
RN1582,61.81,90.48,33.33,71.43,57.14,50,Average,-14.29
RN1583,28.57,52.38,9.52,28.57,19.05,50,At Risk,-9.52
RN1584,38.19,61.9,23.81,38.1,33.33,49,Needs Support,-4.76
RN1585,79.43,100.0,57.14,76.19,85.71,47,High Performer,9.52
RN1586,66.96,90.48,23.81,76.19,66.67,48,Average,-9.52
RN1587,84.03,100.0,66.67,95.24,90.48,48,High Performer,-4.76
RN1588,49.95,80.95,23.81,47.62,38.1,49,Needs Support,-9.52
RN1589,86.93,100.0,66.67,95.24,85.71,47,Top Performer,-9.52
RN1590,54.66,80.95,23.81,38.1,52.38,48,Average,14.29
RN1591,46.63,71.43,28.57,52.38,57.14,48,Needs Support,4.76
RN1592,54.56,80.95,28.57,57.14,28.57,48,Average,-28.57
RN1593,77.48,100.0,42.86,80.95,80.95,48,High Performer,0.0
RN1594,75.99,95.24,47.62,76.19,85.71,47,High Performer,9.52
RN1595,73.51,90.48,47.62,90.48,85.71,48,High Performer,-4.76
RN1596,86.9,100.0,66.67,100.0,95.24,48,Top Performer,-4.76
RN1597,61.24,80.95,38.1,61.9,61.9,50,Average,0.0
RN1598,53.27,80.95,33.33,80.95,52.38,48,Average,-28.57
RN1599,23.81,42.86,0.0,38.1,19.05,47,At Risk,-19.05
RN1600,53.05,80.95,28.57,71.43,57.14,50,Average,-14.29
RN1601,82.8,100.0,57.14,85.71,80.95,49,High Performer,-4.76
RN1602,86.02,100.0,61.9,90.48,85.71,47,Top Performer,-4.76
RN1603,86.95,100.0,61.9,85.71,95.24,50,Top Performer,9.52
RN1604,53.06,76.19,19.05,57.14,42.86,49,Average,-14.29
RN1605,56.55,80.95,23.81,71.43,61.9,48,Average,-9.52
RN1606,59.71,80.95,33.33,71.43,66.67,50,Average,-4.76
RN1607,89.8,100.0,66.67,95.24,90.48,49,Top Performer,-4.76
RN1608,90.68,100.0,66.67,90.48,100.0,47,Top Performer,9.52
RN1609,74.06,90.48,47.62,80.95,80.95,47,High Performer,0.0
RN1610,86.41,100.0,66.67,100.0,90.48,48,Top Performer,-9.52
RN1611,75.69,95.24,47.62,95.24,80.95,48,High Performer,-14.29
RN1612,16.47,38.1,0.0,19.05,23.81,48,At Risk,4.76
RN1613,38.97,76.19,14.29,57.14,42.86,49,Needs Support,-14.29
RN1614,86.22,100.0,66.67,90.48,100.0,47,Top Performer,9.52
RN1615,32.95,52.38,9.52,52.38,28.57,50,At Risk,-23.81
RN1616,92.36,100.0,71.43,100.0,100.0,48,Top Performer,0.0
RN1617,72.22,90.48,47.62,85.71,80.95,48,High Performer,-4.76
RN1618,87.14,100.0,61.9,95.24,90.48,50,Top Performer,-4.76
RN1619,54.13,85.71,28.57,52.38,57.14,49,Average,4.76
RN1620,40.29,61.9,19.05,42.86,42.86,50,Needs Support,0.0
RN1621,62.6,85.71,33.33,57.14,61.9,48,Average,4.76
RN1622,63.02,85.71,33.33,66.67,61.9,47,Average,-4.76
RN1623,79.53,95.24,57.14,90.48,85.71,47,High Performer,-4.76
RN1624,79.11,95.24,57.14,80.95,71.43,49,High Performer,-9.52
RN1625,59.9,90.48,42.86,66.67,52.38,50,Average,-14.29
RN1626,51.9,80.95,33.33,71.43,47.62,49,Average,-23.81
RN1627,53.87,95.24,28.57,52.38,61.9,48,Average,9.52
RN1628,26.09,42.86,4.76,28.57,23.81,46,At Risk,-4.76
RN1629,91.96,100.0,76.19,100.0,100.0,48,Top Performer,0.0
RN1630,38.49,61.9,14.29,57.14,28.57,48,Needs Support,-28.57
RN1631,54.76,85.71,23.81,61.9,33.33,46,Average,-28.57
RN1632,69.88,95.24,38.1,71.43,66.67,46,Average,-4.76
RN1633,67.39,95.24,42.86,61.9,66.67,46,Average,4.76
RN1634,58.57,85.71,28.57,61.9,66.67,50,Average,4.76
RN1635,36.75,66.67,19.05,42.86,47.62,46,Needs Support,4.76
RN1636,75.48,95.24,47.62,90.48,76.19,47,High Performer,-14.29
RN1637,88.53,100.0,66.67,90.48,100.0,49,Top Performer,9.52
RN1638,88.29,100.0,66.67,100.0,95.24,48,Top Performer,-4.76
RN1639,59.28,80.95,38.1,47.62,57.14,49,Average,9.52
RN1640,36.31,57.14,14.29,23.81,33.33,48,Needs Support,9.52
RN1641,83.87,100.0,47.62,95.24,80.95,49,High Performer,-14.29
RN1642,42.66,76.19,9.52,57.14,47.62,49,Needs Support,-9.52
RN1643,59.52,80.95,38.1,66.67,57.14,46,Average,-9.52
RN1644,30.16,52.38,9.52,14.29,33.33,45,At Risk,19.05
RN1645,48.24,85.71,19.05,76.19,42.86,46,Needs Support,-33.33
RN1646,48.67,71.43,23.81,66.67,61.9,50,Needs Support,-4.76
RN1647,53.29,71.43,19.05,42.86,42.86,47,Average,0.0
RN1648,60.06,90.48,33.33,38.1,66.67,49,Average,28.57
RN1649,43.47,66.67,14.29,33.33,23.81,47,Needs Support,-9.52
RN1650,56.15,80.95,28.57,80.95,47.62,48,Average,-33.33
RN1651,36.57,66.67,4.76,38.1,33.33,50,Needs Support,-4.76
RN1652,78.93,100.0,42.86,100.0,80.95,47,High Performer,-19.05
RN1653,75.02,100.0,47.62,76.19,85.71,49,High Performer,9.52
RN1654,53.33,85.71,28.57,71.43,33.33,45,Average,-38.1
RN1655,69.3,85.71,52.38,85.71,80.95,47,Average,-4.76
RN1656,73.86,100.0,52.38,95.24,61.9,49,High Performer,-33.33
RN1657,76.48,100.0,47.62,76.19,85.71,49,High Performer,9.52
RN1658,30.26,57.14,9.52,33.33,33.33,48,At Risk,0.0
RN1659,73.86,90.48,52.38,76.19,52.38,47,High Performer,-23.81
RN1660,79.26,95.24,42.86,80.95,71.43,45,High Performer,-9.52
RN1661,55.38,85.71,28.57,47.62,52.38,46,Average,4.76
RN1662,53.77,76.19,28.57,52.38,47.62,48,Average,-4.76
RN1663,30.19,47.62,14.29,38.1,14.29,50,At Risk,-23.81
RN1664,70.14,100.0,47.62,66.67,61.9,48,High Performer,-4.76
RN1665,59.09,90.48,33.33,57.14,66.67,49,Average,9.52
RN1666,34.68,66.67,9.52,14.29,42.86,46,At Risk,28.57
RN1667,87.76,100.0,57.14,100.0,85.71,49,Top Performer,-14.29
RN1668,39.24,61.9,14.29,52.38,33.33,50,Needs Support,-19.05
RN1669,76.9,100.0,52.38,90.48,80.95,47,High Performer,-9.52
RN1670,55.71,85.71,28.57,42.86,47.62,50,Average,4.76
RN1671,60.0,90.48,33.33,71.43,80.95,50,Average,9.52
RN1672,92.0,100.0,71.43,100.0,100.0,47,Top Performer,0.0
RN1673,75.22,90.48,52.38,71.43,66.67,49,High Performer,-4.76
RN1674,60.42,85.71,33.33,85.71,47.62,48,Average,-38.1
RN1675,58.63,80.95,38.1,76.19,61.9,48,Average,-14.29
RN1676,57.54,90.48,38.1,71.43,47.62,48,Average,-23.81
RN1677,79.88,100.0,57.14,71.43,71.43,49,High Performer,0.0
RN1678,74.24,95.24,38.1,76.19,66.67,44,High Performer,-9.52
RN1679,31.35,57.14,9.52,33.33,23.81,48,At Risk,-9.52
RN1680,62.49,85.71,47.62,52.38,76.19,49,Average,23.81
RN1681,70.07,100.0,42.86,66.67,76.19,49,High Performer,9.52
RN1682,65.96,90.48,38.1,71.43,66.67,47,Average,-4.76
RN1683,59.52,85.71,38.1,47.62,66.67,48,Average,19.05
RN1684,70.63,95.24,47.62,90.48,76.19,48,High Performer,-14.29
RN1685,61.03,85.71,33.33,42.86,71.43,49,Average,28.57
RN1686,38.58,71.43,19.05,47.62,33.33,49,Needs Support,-14.29
RN1687,86.88,100.0,71.43,100.0,90.48,49,Top Performer,-9.52
RN1688,35.62,57.14,14.29,52.38,23.81,48,Needs Support,-28.57
RN1689,74.12,95.24,47.62,80.95,71.43,46,High Performer,-9.52
RN1690,44.82,66.67,19.05,52.38,42.86,46,Needs Support,-9.52
RN1691,59.88,80.95,23.81,61.9,47.62,47,Average,-14.29
RN1692,73.45,95.24,47.62,66.67,80.95,47,High Performer,14.29
RN1693,57.53,80.95,33.33,71.43,61.9,49,Average,-9.52
RN1694,91.41,100.0,76.19,100.0,95.24,46,Top Performer,-4.76
RN1695,34.6,61.9,9.52,61.9,33.33,49,At Risk,-28.57
RN1696,59.37,85.71,33.33,52.38,38.1,47,Average,-14.29
RN1697,77.43,95.24,57.14,85.71,90.48,50,High Performer,4.76
RN1698,30.95,61.9,9.52,23.81,19.05,48,At Risk,-4.76
RN1699,90.67,100.0,76.19,95.24,95.24,49,Top Performer,0.0
RN1700,62.01,90.48,33.33,66.67,47.62,46,Average,-19.05
RN1701,40.57,66.67,14.29,57.14,47.62,50,Needs Support,-9.52
RN1702,71.63,95.24,47.62,71.43,76.19,48,High Performer,4.76
RN1703,35.32,61.9,14.29,42.86,52.38,48,Needs Support,9.52
RN1704,68.59,95.24,38.1,80.95,71.43,47,Average,-9.52
RN1705,91.06,100.0,76.19,95.24,90.48,49,Top Performer,-4.76
RN1706,70.62,95.24,42.86,76.19,76.19,47,High Performer,0.0
RN1707,37.41,66.67,14.29,14.29,38.1,49,Needs Support,23.81
RN1708,91.07,100.0,66.67,100.0,90.48,48,Top Performer,-9.52
RN1709,49.52,76.19,23.81,57.14,52.38,45,Needs Support,-4.76
RN1710,51.59,76.19,23.81,47.62,42.86,48,Average,-4.76
RN1711,77.08,100.0,57.14,85.71,76.19,48,High Performer,-9.52
RN1712,82.29,100.0,66.67,95.24,90.48,50,High Performer,-4.76
RN1713,83.48,100.0,57.14,100.0,90.48,49,High Performer,-9.52
RN1714,62.29,85.71,33.33,66.67,61.9,49,Average,-4.76
RN1715,74.73,95.24,47.62,90.48,61.9,49,High Performer,-28.57
RN1716,72.42,90.48,47.62,66.67,71.43,48,High Performer,4.76
RN1717,92.06,100.0,71.43,100.0,85.71,48,Top Performer,-14.29
RN1718,61.5,95.24,38.1,61.9,71.43,47,Average,9.52
RN1719,61.14,90.48,38.1,76.19,57.14,50,Average,-19.05
RN1720,49.54,71.43,28.57,47.62,61.9,47,Needs Support,14.29
RN1721,77.81,100.0,47.62,80.95,85.71,50,High Performer,4.76
RN1722,41.93,61.9,23.81,52.38,33.33,46,Needs Support,-19.05
RN1723,40.79,71.43,19.05,33.33,38.1,46,Needs Support,4.76
RN1724,52.28,71.43,23.81,52.38,42.86,48,Average,-9.52
RN1725,56.15,85.71,38.1,47.62,85.71,48,Average,38.1
RN1726,57.04,85.71,38.1,85.71,42.86,47,Average,-42.86
RN1727,46.63,66.67,23.81,42.86,47.62,48,Needs Support,4.76
RN1728,75.6,100.0,57.14,80.95,76.19,48,High Performer,-4.76
RN1729,79.71,95.24,52.38,95.24,76.19,46,High Performer,-19.05
RN1730,58.5,80.95,38.1,42.86,61.9,49,Average,19.05
RN1731,58.23,80.95,33.33,57.14,47.62,48,Average,-9.52
RN1732,56.46,76.19,38.1,52.38,66.67,49,Average,14.29
RN1733,79.59,95.24,52.38,85.71,71.43,49,High Performer,-14.29
RN1734,49.04,71.43,23.81,66.67,47.62,47,Needs Support,-19.05
RN1735,51.88,76.19,19.05,76.19,57.14,48,Average,-19.05
RN1736,85.03,100.0,61.9,90.48,90.48,49,Top Performer,0.0
RN1737,45.38,71.43,23.81,71.43,52.38,49,Needs Support,-19.05
RN1738,73.25,90.48,47.62,85.71,85.71,47,High Performer,0.0
RN1739,61.2,90.48,38.1,85.71,42.86,47,Average,-42.86
RN1740,84.35,100.0,57.14,95.24,90.48,49,High Performer,-4.76
RN1741,83.19,100.0,57.14,95.24,95.24,49,High Performer,0.0
RN1742,74.43,95.24,52.38,71.43,71.43,46,High Performer,0.0
RN1743,57.64,71.43,33.33,52.38,57.14,48,Average,4.76
RN1744,59.78,80.95,38.1,57.14,66.67,47,Average,9.52
RN1745,58.04,76.19,33.33,71.43,76.19,48,Average,4.76
RN1746,80.26,95.24,57.14,95.24,71.43,48,High Performer,-23.81
RN1747,67.54,90.48,42.86,61.9,71.43,49,Average,9.52
RN1748,75.99,100.0,52.38,90.48,80.95,48,High Performer,-9.52
RN1749,27.18,47.62,4.76,9.52,23.81,48,At Risk,14.29
RN1750,45.62,71.43,19.05,47.62,42.86,50,Needs Support,-4.76
RN1751,85.43,100.0,57.14,90.48,95.24,50,Top Performer,4.76
RN1752,48.43,71.43,19.05,52.38,52.38,47,Needs Support,0.0
RN1753,48.69,80.95,28.57,47.62,47.62,49,Needs Support,0.0
RN1754,43.26,71.43,14.29,33.33,38.1,47,Needs Support,4.76
RN1755,47.22,80.95,23.81,52.38,42.86,48,Needs Support,-9.52
RN1756,78.77,95.24,57.14,90.48,85.71,48,High Performer,-4.76
RN1757,80.56,100.0,57.14,76.19,85.71,49,High Performer,9.52
RN1758,64.88,85.71,38.1,61.9,57.14,48,Average,-4.76
RN1759,88.86,100.0,66.67,95.24,90.48,50,Top Performer,-4.76
RN1760,41.87,66.67,19.05,38.1,33.33,48,Needs Support,-4.76
RN1761,86.88,100.0,66.67,90.48,100.0,49,Top Performer,9.52
RN1762,77.71,95.24,57.14,85.71,85.71,47,High Performer,0.0
RN1763,47.42,71.43,23.81,52.38,52.38,49,Needs Support,0.0
RN1764,50.57,71.43,14.29,66.67,52.38,50,Average,-14.29
RN1765,55.85,80.95,28.57,52.38,61.9,48,Average,9.52
RN1766,57.92,80.95,38.1,42.86,52.38,49,Average,9.52
RN1767,24.01,47.62,9.52,19.05,23.81,47,At Risk,4.76
RN1768,55.32,80.95,23.81,80.95,23.81,47,Average,-57.14
RN1769,44.12,66.67,23.81,38.1,38.1,49,Needs Support,0.0
RN1770,73.71,95.24,47.62,85.71,80.95,48,High Performer,-4.76
RN1771,32.92,57.14,9.52,38.1,57.14,46,At Risk,19.05
RN1772,38.19,71.43,9.52,71.43,42.86,48,Needs Support,-28.57
RN1773,89.78,100.0,71.43,90.48,95.24,48,Top Performer,4.76
RN1774,35.57,61.9,14.29,23.81,42.86,49,Needs Support,19.05
RN1775,62.01,90.48,28.57,90.48,57.14,46,Average,-33.33
RN1776,78.52,95.24,57.14,95.24,90.48,49,High Performer,-4.76
RN1777,79.81,100.0,57.14,90.48,80.95,50,High Performer,-9.52
RN1778,39.94,61.9,19.05,61.9,38.1,49,Needs Support,-23.81
RN1779,70.36,90.48,38.1,76.19,76.19,49,High Performer,0.0
RN1780,70.85,95.24,52.38,71.43,76.19,49,High Performer,4.76
RN1781,86.83,100.0,61.9,95.24,90.48,47,Top Performer,-4.76
RN1782,50.35,76.19,28.57,47.62,38.1,47,Average,-9.52
RN1783,60.35,90.48,38.1,66.67,71.43,49,Average,4.76
RN1784,61.22,90.48,28.57,85.71,71.43,49,Average,-14.29
RN1785,57.63,80.95,23.81,52.38,57.14,49,Average,4.76
RN1786,63.56,90.48,33.33,66.67,66.67,49,Average,0.0
RN1787,77.9,100.0,47.62,85.71,66.67,50,High Performer,-19.05
RN1788,33.33,52.38,14.29,33.33,38.1,49,At Risk,4.76
RN1789,77.18,95.24,47.62,76.19,71.43,48,High Performer,-4.76
RN1790,56.46,85.71,33.33,66.67,42.86,49,Average,-23.81
RN1791,70.78,95.24,47.62,66.67,80.95,44,High Performer,14.29
RN1792,88.05,100.0,71.43,80.95,95.24,49,Top Performer,14.29
RN1793,91.74,100.0,71.43,95.24,95.24,49,Top Performer,0.0
RN1794,78.43,90.48,57.14,90.48,90.48,49,High Performer,0.0
RN1795,48.33,66.67,23.81,47.62,57.14,47,Needs Support,9.52
RN1796,50.34,76.19,23.81,71.43,52.38,49,Average,-19.05
RN1797,88.34,100.0,66.67,95.24,100.0,49,Top Performer,4.76
RN1798,70.67,95.24,42.86,71.43,71.43,44,High Performer,0.0
RN1799,57.24,85.71,28.57,71.43,76.19,48,Average,4.76
RN1800,31.1,71.43,9.52,33.33,14.29,47,At Risk,-19.05
RN1801,62.0,80.95,38.1,66.67,57.14,50,Average,-9.52
RN1802,70.01,90.48,42.86,71.43,80.95,47,High Performer,9.52
RN1803,64.64,80.95,38.1,47.62,66.67,47,Average,19.05
RN1804,85.81,100.0,47.62,90.48,95.24,49,Top Performer,4.76
RN1805,87.05,100.0,66.67,85.71,95.24,50,Top Performer,9.52
RN1806,53.47,80.95,23.81,52.38,52.38,48,Average,0.0
RN1807,54.96,80.95,28.57,80.95,61.9,48,Average,-19.05
RN1808,44.67,71.43,19.05,61.9,61.9,50,Needs Support,0.0
RN1809,35.61,57.14,9.52,52.38,52.38,46,Needs Support,0.0
RN1810,76.67,100.0,52.38,57.14,71.43,50,High Performer,14.29
RN1811,33.54,66.67,4.76,33.33,19.05,45,At Risk,-14.29
RN1812,64.7,90.48,42.86,61.9,66.67,46,Average,4.76
RN1813,30.61,57.14,9.52,38.1,19.05,49,At Risk,-19.05
RN1814,29.28,57.14,19.05,19.05,42.86,47,At Risk,23.81
RN1815,63.25,85.71,42.86,61.9,66.67,46,Average,4.76
RN1816,72.89,95.24,47.62,85.71,80.95,49,High Performer,-4.76
RN1817,61.2,80.95,38.1,71.43,57.14,47,Average,-14.29
RN1818,39.29,61.9,19.05,33.33,57.14,48,Needs Support,23.81
RN1819,64.53,90.48,42.86,80.95,61.9,49,Average,-19.05
RN1820,44.48,66.67,9.52,57.14,47.62,50,Needs Support,-9.52
RN1821,51.99,85.71,28.57,57.14,85.71,49,Average,28.57
RN1822,31.75,66.67,9.52,38.1,14.29,48,At Risk,-23.81
RN1823,55.9,76.19,28.57,42.86,52.38,46,Average,9.52
RN1824,69.87,90.48,38.1,85.71,90.48,49,Average,4.76
RN1825,87.54,100.0,52.38,80.95,85.71,47,Top Performer,4.76
RN1826,56.05,76.19,23.81,76.19,76.19,48,Average,0.0
RN1827,30.19,52.38,14.29,14.29,38.1,47,At Risk,23.81
RN1828,30.43,47.62,14.29,28.57,33.33,46,At Risk,4.76
RN1829,41.98,61.9,19.05,42.86,47.62,49,Needs Support,4.76
RN1830,74.6,90.48,57.14,71.43,85.71,48,High Performer,14.29
RN1831,71.22,95.24,47.62,90.48,57.14,46,High Performer,-33.33
RN1832,22.39,38.1,9.52,28.57,9.52,47,At Risk,-19.05
RN1833,83.23,100.0,61.9,90.48,90.48,48,High Performer,0.0
RN1834,25.98,42.86,0.0,42.86,19.05,46,At Risk,-23.81
RN1835,81.34,100.0,57.14,80.95,71.43,49,High Performer,-9.52
RN1836,24.4,42.86,9.52,33.33,14.29,48,At Risk,-19.05
RN1837,66.67,90.48,28.57,71.43,61.9,45,Average,-9.52
RN1838,29.4,57.14,4.76,38.1,23.81,46,At Risk,-14.29
RN1839,52.18,76.19,28.57,57.14,47.62,47,Average,-9.52
RN1840,25.33,52.38,4.76,28.57,19.05,47,At Risk,-9.52
RN1841,73.15,95.24,52.38,76.19,76.19,47,High Performer,0.0
RN1842,80.16,100.0,47.62,85.71,90.48,48,High Performer,4.76
RN1843,41.5,71.43,19.05,61.9,33.33,49,Needs Support,-28.57
RN1844,89.12,100.0,71.43,90.48,90.48,49,Top Performer,0.0
RN1845,62.67,90.48,33.33,66.67,61.9,50,Average,-4.76
RN1846,52.95,76.19,38.1,47.62,66.67,50,Average,19.05
RN1847,63.27,80.95,42.86,66.67,61.9,49,Average,-4.76
RN1848,72.32,100.0,42.86,90.48,66.67,48,High Performer,-23.81
RN1849,51.6,76.19,23.81,47.62,38.1,49,Average,-9.52
RN1850,78.57,100.0,23.81,76.19,80.95,46,High Performer,4.76
RN1851,70.92,85.71,52.38,85.71,71.43,47,High Performer,-14.29
RN1852,53.17,76.19,23.81,71.43,52.38,48,Average,-19.05
RN1853,90.96,100.0,71.43,100.0,90.48,49,Top Performer,-9.52
RN1854,43.9,76.19,19.05,57.14,42.86,50,Needs Support,-14.29
RN1855,61.21,85.71,33.33,52.38,66.67,48,Average,14.29
RN1856,53.64,76.19,33.33,42.86,47.62,49,Average,4.76
RN1857,27.05,52.38,4.76,19.05,23.81,47,At Risk,4.76
RN1858,52.17,80.95,28.57,66.67,52.38,46,Average,-14.29
RN1859,91.55,100.0,66.67,95.24,90.48,49,Top Performer,-4.76
RN1860,87.54,100.0,61.9,95.24,95.24,47,Top Performer,0.0
RN1861,78.23,95.24,57.14,71.43,66.67,49,High Performer,-4.76
RN1862,71.14,100.0,52.38,66.67,57.14,49,High Performer,-9.52
RN1863,47.22,66.67,23.81,57.14,61.9,48,Needs Support,4.76
RN1864,34.62,61.9,19.05,42.86,33.33,48,At Risk,-9.52
RN1865,76.69,100.0,47.62,85.71,85.71,48,High Performer,0.0
RN1866,58.29,80.95,33.33,52.38,80.95,50,Average,28.57
RN1867,57.35,80.95,33.33,66.67,66.67,47,Average,0.0
RN1868,74.95,95.24,42.86,80.95,90.48,50,High Performer,9.52
RN1869,56.66,80.95,19.05,61.9,61.9,49,Average,0.0
RN1870,45.58,61.9,14.29,42.86,28.57,49,Needs Support,-14.29
RN1871,89.81,100.0,71.43,100.0,95.24,50,Top Performer,-4.76
RN1872,27.78,52.38,9.52,23.81,38.1,48,At Risk,14.29
RN1873,91.49,100.0,71.43,90.48,95.24,47,Top Performer,4.76
RN1874,71.62,90.48,47.62,66.67,71.43,50,High Performer,4.76
RN1875,60.69,80.95,33.33,61.9,71.43,47,Average,9.52
RN1876,71.14,100.0,28.57,76.19,80.95,50,High Performer,4.76
RN1877,36.93,57.14,19.05,57.14,47.62,49,Needs Support,-9.52
RN1878,54.62,76.19,33.33,66.67,42.86,49,Average,-23.81
RN1879,75.61,100.0,47.62,76.19,90.48,49,High Performer,14.29
RN1880,77.55,95.24,52.38,95.24,85.71,49,High Performer,-9.52
RN1881,68.75,95.24,47.62,71.43,76.19,48,Average,4.76
RN1882,29.09,42.86,4.76,23.81,33.33,46,At Risk,9.52
RN1883,62.19,85.71,38.1,80.95,61.9,50,Average,-19.05
RN1884,61.9,85.71,28.57,57.14,61.9,49,Average,4.76
RN1885,76.19,90.48,52.38,80.95,80.95,47,High Performer,0.0
RN1886,89.99,100.0,61.9,90.48,95.24,49,Top Performer,4.76
RN1887,37.03,61.9,14.29,33.33,38.1,49,Needs Support,4.76
RN1888,59.94,95.24,38.1,66.67,52.38,46,Average,-14.29
RN1889,60.02,80.95,38.1,66.67,61.9,48,Average,-4.76
RN1890,91.72,100.0,76.19,100.0,100.0,46,Top Performer,0.0
RN1891,44.84,76.19,14.29,52.38,47.62,48,Needs Support,-4.76
RN1892,62.11,85.71,33.33,61.9,61.9,46,Average,0.0
RN1893,61.03,85.71,38.1,76.19,38.1,49,Average,-38.1
RN1894,42.16,61.9,14.29,38.1,38.1,48,Needs Support,0.0
RN1895,40.14,71.43,14.29,57.14,33.33,49,Needs Support,-23.81
RN1896,54.86,76.19,28.57,47.62,61.9,48,Average,14.29
RN1897,60.35,85.71,33.33,80.95,52.38,49,Average,-28.57
RN1898,32.48,61.9,4.76,38.1,47.62,50,At Risk,9.52
RN1899,79.43,100.0,47.62,80.95,80.95,47,High Performer,0.0
RN1900,61.61,85.71,42.86,85.71,66.67,49,Average,-19.05
RN1901,49.9,76.19,23.81,42.86,57.14,50,Needs Support,14.29
RN1902,62.67,90.48,38.1,71.43,52.38,50,Average,-19.05
RN1903,78.13,100.0,57.14,90.48,100.0,49,High Performer,9.52
RN1904,33.54,61.9,14.29,42.86,38.1,47,At Risk,-4.76
RN1905,55.38,85.71,33.33,61.9,52.38,46,Average,-9.52
RN1906,74.15,100.0,52.38,76.19,71.43,49,High Performer,-4.76
RN1907,43.95,61.9,19.05,28.57,57.14,48,Needs Support,28.57
RN1908,52.48,90.48,23.81,52.38,52.38,47,Average,0.0
RN1909,72.59,95.24,42.86,85.71,76.19,49,High Performer,-9.52
RN1910,43.15,66.67,9.52,38.1,42.86,49,Needs Support,4.76
RN1911,47.93,71.43,23.81,47.62,52.38,46,Needs Support,4.76
RN1912,45.77,76.19,23.81,52.38,52.38,49,Needs Support,0.0
RN1913,89.98,100.0,71.43,85.71,90.48,48,Top Performer,4.76
RN1914,62.3,90.48,23.81,57.14,80.95,48,Average,23.81
RN1915,71.74,85.71,47.62,85.71,71.43,46,High Performer,-14.29
RN1916,27.28,42.86,9.52,42.86,38.1,48,At Risk,-4.76
RN1917,55.95,85.71,28.57,66.67,42.86,48,Average,-23.81
RN1918,89.99,100.0,71.43,90.48,100.0,49,Top Performer,9.52
RN1919,59.48,80.95,28.57,80.95,61.9,49,Average,-19.05
RN1920,61.52,85.71,23.81,85.71,57.14,49,Average,-28.57
RN1921,28.86,52.38,14.29,33.33,14.29,49,At Risk,-19.05
RN1922,78.36,100.0,52.38,85.71,80.95,46,High Performer,-4.76
RN1923,86.29,100.0,52.38,95.24,90.48,50,Top Performer,-4.76
RN1924,36.68,57.14,14.29,42.86,42.86,47,Needs Support,0.0
RN1925,88.82,100.0,47.62,90.48,95.24,49,Top Performer,4.76
RN1926,67.83,90.48,42.86,71.43,76.19,49,Average,4.76
RN1927,52.67,76.19,33.33,57.14,57.14,49,Average,0.0
RN1928,74.05,90.48,47.62,85.71,80.95,49,High Performer,-4.76
RN1929,56.07,85.71,19.05,47.62,52.38,49,Average,4.76
RN1930,48.31,80.95,23.81,66.67,47.62,48,Needs Support,-19.05
RN1931,69.67,95.24,38.1,85.71,57.14,46,Average,-28.57
RN1932,80.54,95.24,57.14,90.48,85.71,46,High Performer,-4.76
RN1933,65.87,85.71,38.1,80.95,76.19,48,Average,-4.76
RN1934,72.98,95.24,47.62,85.71,76.19,46,High Performer,-9.52
RN1935,20.06,42.86,9.52,33.33,9.52,47,At Risk,-23.81
RN1936,86.44,100.0,61.9,90.48,95.24,46,Top Performer,4.76
RN1937,53.9,80.95,28.57,42.86,61.9,44,Average,19.05
RN1938,54.45,71.43,33.33,52.38,71.43,46,Average,19.05
RN1939,73.66,100.0,47.62,80.95,76.19,49,High Performer,-4.76
RN1940,69.46,90.48,47.62,71.43,71.43,46,Average,0.0
RN1941,72.12,95.24,42.86,85.71,95.24,48,High Performer,9.52
RN1942,79.71,95.24,61.9,90.48,80.95,46,High Performer,-9.52
RN1943,55.2,85.71,33.33,66.67,47.62,49,Average,-19.05
RN1944,83.38,100.0,61.9,90.48,90.48,49,High Performer,0.0
RN1945,60.48,85.71,38.1,61.9,57.14,50,Average,-4.76
RN1946,71.72,90.48,42.86,80.95,71.43,49,High Performer,-9.52
RN1947,88.29,100.0,71.43,85.71,90.48,48,Top Performer,4.76
RN1948,90.37,100.0,71.43,90.48,100.0,46,Top Performer,9.52
RN1949,77.58,95.24,47.62,80.95,80.95,48,High Performer,0.0
RN1950,72.95,95.24,52.38,76.19,71.43,47,High Performer,-4.76
RN1951,77.26,90.48,57.14,85.71,76.19,49,High Performer,-9.52
RN1952,35.67,57.14,14.29,52.38,38.1,49,Needs Support,-14.29
RN1953,61.13,85.71,19.05,76.19,42.86,49,Average,-33.33
RN1954,42.25,71.43,19.05,28.57,33.33,47,Needs Support,4.76
RN1955,50.44,85.71,28.57,61.9,57.14,49,Average,-4.76
RN1956,53.74,76.19,33.33,61.9,47.62,49,Average,-14.29
RN1957,24.76,47.62,4.76,19.05,23.81,50,At Risk,4.76
RN1958,64.39,95.24,38.1,71.43,66.67,44,Average,-4.76
RN1959,71.74,95.24,52.38,76.19,85.71,46,High Performer,9.52
RN1960,71.43,95.24,52.38,90.48,66.67,50,High Performer,-23.81
RN1961,53.08,80.95,19.05,61.9,71.43,48,Average,9.52
RN1962,61.71,85.71,38.1,71.43,71.43,48,Average,0.0
RN1963,73.37,100.0,47.62,90.48,66.67,49,High Performer,-23.81
RN1964,27.99,57.14,4.76,19.05,19.05,49,At Risk,0.0
RN1965,61.52,80.95,33.33,71.43,71.43,50,Average,0.0
RN1966,72.72,90.48,52.38,80.95,85.71,48,High Performer,4.76
RN1967,25.79,47.62,9.52,33.33,28.57,48,At Risk,-4.76
RN1968,56.43,76.19,38.1,47.62,57.14,47,Average,9.52
RN1969,75.02,95.24,52.38,80.95,80.95,49,High Performer,0.0
RN1970,65.33,95.24,38.1,76.19,52.38,50,Average,-23.81
RN1971,73.45,95.24,42.86,90.48,66.67,47,High Performer,-23.81
RN1972,85.31,100.0,52.38,95.24,90.48,47,Top Performer,-4.76
RN1973,22.55,47.62,4.76,23.81,4.76,49,At Risk,-19.05
RN1974,48.21,80.95,23.81,42.86,80.95,48,Needs Support,38.1
RN1975,70.14,95.24,42.86,95.24,80.95,48,High Performer,-14.29
RN1976,68.75,100.0,23.81,76.19,71.43,48,Average,-4.76
RN1977,53.06,85.71,23.81,57.14,52.38,49,Average,-4.76
RN1978,64.76,85.71,42.86,76.19,71.43,50,Average,-4.76
RN1979,75.99,100.0,57.14,80.95,80.95,47,High Performer,0.0
RN1980,23.4,47.62,0.0,14.29,19.05,46,At Risk,4.76
RN1981,71.84,85.71,47.62,85.71,85.71,46,High Performer,0.0
RN1982,73.81,95.24,47.62,80.95,76.19,46,High Performer,-4.76
RN1983,41.67,61.9,19.05,61.9,52.38,48,Needs Support,-9.52
RN1984,40.28,66.67,14.29,47.62,47.62,48,Needs Support,0.0
RN1985,92.23,100.0,66.67,95.24,95.24,49,Top Performer,0.0
RN1986,60.32,76.19,38.1,66.67,57.14,48,Average,-9.52
RN1987,69.19,95.24,47.62,95.24,76.19,49,Average,-19.05
RN1988,54.57,90.48,28.57,57.14,52.38,50,Average,-4.76
RN1989,58.16,80.95,33.33,61.9,66.67,47,Average,4.76
RN1990,47.82,66.67,28.57,52.38,42.86,47,Needs Support,-9.52
RN1991,37.06,66.67,9.52,38.1,38.1,46,Needs Support,0.0
RN1992,57.71,80.95,33.33,57.14,42.86,50,Average,-14.29
RN1993,60.84,85.71,28.57,61.9,71.43,49,Average,9.52
RN1994,54.23,71.43,33.33,52.38,38.1,49,Average,-14.29
RN1995,54.04,71.43,28.57,47.62,57.14,46,Average,9.52
RN1996,53.62,76.19,14.29,47.62,57.14,46,Average,9.52
RN1997,65.87,90.48,38.1,71.43,71.43,48,Average,0.0
RN1998,41.71,76.19,19.05,42.86,42.86,50,Needs Support,0.0
RN1999,59.47,95.24,33.33,71.43,71.43,47,Average,0.0
RN2000,44.02,66.67,23.81,47.62,47.62,49,Needs Support,0.0
